question,question_id,category,release,paper_correct,baseline_correct,paper_prediction,baseline_prediction,expected,paper_index
What is the purpose of the Nmfaf_3daDataManagement_Deconfigure service operation? [3GPP Release 18],question 0,Standards specifications,18,True,True,Option 2,option 2,option 2,0
How does a supporting UE attach to the same core network operator from which it detached in a shared network? [3GPP Release 17],question 4,Standards specifications,17,True,True,Option 2,option 2,option 2,1
When can the setting of the Privacy exception list be changed? [3GPP Release 17],question 11,Standards specifications,17,True,True,Option 3,option 3,option 3,2
What does the NEF notify to the AF after determining the suitable DNAI(s)? [3GPP Release 18],question 12,Standards specifications,18,True,True,Option 4,option 4,option 4,3
"In online charging, how are chargeable events transformed into charging events? [3GPP Release 18]",question 14,Standards specifications,18,False,False,Option 4,option 1,option 2,4
What is the purpose of the PSFCH channel in NR V2X sidelink? [3GPP Release 16],question 19,Standards overview,16,True,True,Option 2,option 2,option 2,5
Which feature proposes to integrate selected WLAN direct discovery technologies as an alternative technology for ProSe Direct Discovery? [3GPP Release 15],question 23,Standards overview,15,True,True,Option 4,option 4,option 4,6
When can there be two N3 tunnel terminations at the RAN for a PDU Session? [3GPP Release 18],question 29,Standards specifications,18,True,True,Option 2,option 2,option 2,7
Which NGAP procedure is used for inter-system load balancing? [3GPP Release 17],question 37,Standards overview,17,False,False,Option 2,option 2,option 3,8
What is the purpose of the Validity Period for predictions? [3GPP Release 18],question 41,Standards specifications,18,True,True,Option 4,option 4,option 4,9
What is the purpose of the MCImp-MC_ARCH work item? [3GPP Release 14],question 42,Standards overview,14,True,True,Option 3,option 3,option 3,10
What should the UE consider if it cannot detect any cell meeting the S criterion on a frequency for sidelink operation? [3GPP Release 17],question 45,Standards specifications,17,True,True,Option 1,option 1,option 1,11
What is the purpose of the Member UE selection assistance functionality hosted by NEF? [3GPP Release 18],question 46,Standards specifications,18,True,True,Option 3,option 3,option 3,12
When does the AMF enable or disable the 5G access stratum time distribution for a UE? [3GPP Release 18],question 49,Standards specifications,18,False,True,Option 3,option 5,option 5,13
When can target UEs be positioned for lawful interception services? [3GPP Release 17],question 53,Standards specifications,17,True,True,Option 3,option 3,option 3,14
What are DCI formats with CRC scrambled by MCCH-RNTI or G-RNTI referred to as? [3GPP Release 17],question 60,Standards specifications,17,False,False,Option 1,option 1,option 2,15
What kind of access can enterprise UEs have to non-public networks? [3GPP Release 17],question 70,Standards specifications,17,True,True,Option 2,option 2,option 2,16
What is the purpose of the TRP Measurement Grid? [3GPP Release 18],question 73,Standards specifications,18,True,True,Option 4,option 4,option 4,17
What action is necessary to get access to services in Idle mode? [3GPP Release 17],question 74,Standards specifications,17,False,True,Option 5,option 1,option 1,18
How does EC-GSM-IoT improve coverage performance for Cellular IoT devices? [3GPP Release 14],question 76,Standards overview,14,True,True,Option 3,option 3,option 3,19
What triggers the NF/NF Service Context Transfer Push procedure? [3GPP Release 18],question 80,Standards specifications,18,False,False,Option 4,option 4,option 3,20
Which 5G vertical domain is the maritime domain a part of? [3GPP Release 16],question 87,Standards overview,16,True,True,Option 5,option 5,option 5,21
What is the purpose of the User Configuration mechanism in the IMS Multimedia Telephony service? [3GPP Release 17],question 96,Standards specifications,17,True,True,Option 2,option 2,option 2,22
What is the purpose of packet buffering in Edge Relocation? [3GPP Release 18],question 100,Standards specifications,18,True,True,Option 1,option 1,option 1,23
What does the Multi-Identity (MiD) service enable? [3GPP Release 16],question 101,Standards overview,16,False,True,Option 1,option 2,option 2,24
What is the maximum number of PDU Sessions? [3GPP Release 17],question 108,Standards specifications,17,False,True,Option 1,option 4,option 4,25
Which identity is used for indication of pre-emption in the downlink? [3GPP Release 17],question 111,Standards specifications,17,True,True,Option 4,option 4,option 4,26
What is the purpose of the group identifier called 'External Group ID'? [3GPP Release 14],question 121,Standards specifications,14,False,False,Option 5,option 3,option 2,27
When can the V-SMF delete the DNS context from the selected V-EASDF? [3GPP Release 18],question 123,Standards specifications,18,False,True,Option 2,option 1,option 1,28
What does a UE determine when selecting a power for an S-SS/PSBCH block transmission occasion? [3GPP Release 17],question 135,Standards specifications,17,True,True,Option 5,option 5,option 5,29
What is supported in enhanced TTI bundling compared to Rel-13 CE mode A in eMTC? [3GPP Release 14],question 140,Standards overview,14,True,True,Option 2,option 2,option 2,30
What is the purpose of the MasterInformationBlockSidelink message? [3GPP Release 17],question 141,Standards specifications,17,False,True,Option 4,option 5,option 5,31
What is the indication used to invoke the terminal application in the peer end of a multimedia call? [3GPP Release 18],question 143,Standards specifications,18,False,True,Option 2,option 4,option 4,32
What is the role of the bearer control function? [3GPP Release 18],question 146,Standards specifications,18,True,True,Option 3,option 3,option 3,33
What is the purpose of interworking between a 5G core network and an EPC? [3GPP Release 17],question 149,Standards specifications,17,True,True,Option 4,option 4,option 4,34
What does the Relaxed monitoring for cell reselection feature in NB-IoT allow the UE to do? [3GPP Release 15],question 152,Standards overview,15,True,True,Option 1,option 1,option 1,35
What happens during session termination in online charging? [3GPP Release 18],question 159,Standards specifications,18,False,True,Option 4,option 5,option 5,36
Can any party in a multiparty call undergo voice call continuity? [3GPP Release 18],question 173,Standards specifications,18,False,True,Option 4,option 1,option 1,37
What is covered by enhanced application layer support for V2X services? [3GPP Release 17],question 179,Standards overview,17,True,True,Option 2,option 2,option 2,38
What is the purpose of the UE Capability Management Function (UCMF)? [3GPP Release 16],question 184,Standards overview,16,True,True,Option 4,option 4,option 4,39
How does a non-supporting UE select a core network operator to serve it in a shared network? [3GPP Release 17],question 185,Standards specifications,17,False,False,Option 1,option 1,option 2,40
"For PSFCH transmission with HARQ-ACK information, how are the PRBs allocated? [3GPP Release 17]",question 187,Standards specifications,17,True,True,Option 3,option 3,option 3,41
What determines the energy detection threshold in channel access procedures? [3GPP Release 17],question 188,Standards specifications,17,True,True,Option 4,option 4,option 4,42
What does the Load-Balancing steering mode do? [3GPP Release 17],question 191,Standards overview,17,True,True,Option 1,option 1,option 1,43
What does the home environment need to provide to the visited network when allowing a subscriber to roam to different domains? [3GPP Release 18],question 194,Standards specifications,18,False,True,Option 2,option 3,option 3,44
What does VarConnEstFailReportList include? [3GPP Release 17],question 195,Standards specifications,17,True,True,Option 4,option 4,option 4,45
Which interface is used to transfer short messages between the SGSN and SMS-GMSC/SMS-IWMSC? [3GPP Release 17],question 198,Standards specifications,17,False,True,Option 3,option 5,option 5,46
What does the RRC protocol offer to upper layers? [3GPP Release 17],question 203,Standards specifications,17,True,True,Option 1,option 1,option 1,47
What is SIPTO at the Local Network? [3GPP Release 17],question 206,Standards specifications,17,False,False,Option 3,option 3,option 1,48
"In the indirect communication model without delegated discovery, what is the role of the SCP? [3GPP Release 18]",question 216,Standards specifications,18,True,True,Option 4,option 4,option 4,49
When is Paging with Wake Up Signal (WUS) used? [3GPP Release 17],question 225,Standards specifications,17,False,True,Option 1,option 2,option 2,50
"In unpaired spectrum operation, when are a DL BWP and an UL BWP linked together? [3GPP Release 17]",question 233,Standards specifications,17,True,True,Option 1,option 1,option 1,51
How is Extended Access Barring supported in shared networks? [3GPP Release 17],question 244,Standards specifications,17,False,True,Option 2,option 4,option 4,52
What are the peak packet data rates supported by the Evolved Packet System on the radio access bearer? [3GPP Release 17],question 249,Standards specifications,17,False,False,Option 3,option 3,option 1,53
What is a Personal IoT Network (PIN)? [3GPP Release 17],question 257,Standards specifications,17,True,True,Option 3,option 3,option 3,54
What criteria are considered for network broadcast geographic area coverage management? [3GPP Release 18],question 268,Standards specifications,18,False,False,Option 3,option 3,option 2,55
What does the 5G system need to provide for mobile base station relays using 5G connectivity provided by a different MNO? [3GPP Release 17],question 279,Standards specifications,17,True,True,Option 3,option 3,option 3,56
When can a UE apply Type 1 channel access procedures for a UL transmission(s)? [3GPP Release 17],question 281,Standards specifications,17,True,True,Option 3,option 3,option 3,57
Which power saving scheme achieves power consumption reduction by potentially skipping PDCCH monitoring at subsequent slots of PDSCH/PUSCH transmission? [3GPP Release 16],question 282,Standards specifications,16,False,False,Option 1,option 1,option 3,58
What type of authentication and authorization is required for accessing a 5G VN group? [3GPP Release 18],question 289,Standards specifications,18,False,False,Option 2,option 3,option 5,59
What does the timing advance command for a TAG indicate? [3GPP Release 17],question 290,Standards specifications,17,True,True,Option 3,option 3,option 3,60
What can be configured separately for each SPS configuration in LTE? [3GPP Release 18],question 296,Standards specifications,18,True,True,Option 3,option 3,option 3,61
What are the supported scenarios for MPS for MMTEL voice? [3GPP Release 18],question 303,Standards specifications,18,True,True,Option 4,option 4,option 4,62
What is the high quality criterion for reporting a PLMN to the NAS in the E-UTRA and NB-IoT case? [3GPP Release 17],question 313,Standards specifications,17,False,True,Option 3,option 1,option 1,63
What power saving gain range is observed for the power saving scheme with UE adaptation to the number of antenna/MIMO layer? [3GPP Release 16],question 316,Standards specifications,16,True,True,Option 2,option 2,option 2,64
What does the SIP Reason header extension work item do? [3GPP Release 14],question 318,Standards specifications,14,True,True,Option 3,option 3,option 3,65
What is the main objective of intent driven management for service or network management? [3GPP Release 17],question 319,Standards overview,17,True,True,Option 4,option 4,option 4,66
What is the RRC buffer size for a UE? [3GPP Release 17],question 325,Standards specifications,17,False,True,Option 1,option 2,option 2,67
What does the ECS provide to the EEC? [3GPP Release 18],question 338,Standards specifications,18,True,True,Option 1,option 1,option 1,68
Are the MuD and MiD services mutually exclusive? [3GPP Release 16],question 360,Standards overview,16,True,True,Option 2,option 2,option 2,69
What does the feature 'Accessing a list of deferred data communications' enable for the MCData service? [3GPP Release 15],question 366,Standards overview,15,True,True,Option 4,option 4,option 4,70
What are the enhancements specified for the 3GPP Northbound APIs in Release 16? [3GPP Release 16],question 368,Standards overview,16,True,True,Option 5,option 5,option 5,71
Where is the UE Radio Capability ID signaled by the UE? [3GPP Release 16],question 383,Standards overview,16,True,True,Option 4,option 4,option 4,72
What is one of the requirements for interworking between fixed access and Evolved Packet Core? [3GPP Release 17],question 384,Standards specifications,17,False,False,Option 2,option 4,option 3,73
How is the modulation order (Qm) and target code rate (R) determined for PSSCH transmission? [3GPP Release 17],question 388,Standards specifications,17,True,True,Option 2,option 2,option 2,74
What inputs are required for the Nmfaf_3daDataManagement_Configure service operation? [3GPP Release 18],question 398,Standards specifications,18,False,False,Option 2,option 2,option 1,75
What are the enhanced RRM requirements in DRX in connected mode? [3GPP Release 14],question 405,Standards specifications,14,False,False,Option 2,option 3,option 1,76
Which TS specification defines the Proximity-based Services (ProSe) architecture? [3GPP Release 14],question 408,Standards overview,14,True,True,Option 3,option 3,option 3,77
Which parameter in SL-TxProfileList-r17 indicates compatibility with DRX? [3GPP Release 17],question 414,Standards specifications,17,True,True,Option 3,option 3,option 3,78
"In the context of pathloss models, what is O2I? [3GPP Release 17]",question 417,Standards specifications,17,True,True,Option 4,option 4,option 4,79
What is true about services not mentioned within the interaction clause? [3GPP Release 17],question 419,Standards specifications,17,True,True,Option 1,option 1,option 1,80
What does the 5G system need to support for a UE accessing multiple network slices? [3GPP Release 17],question 437,Standards specifications,17,True,True,Option 4,option 4,option 4,81
What QoS characteristics does the MPS system support? [3GPP Release 18],question 441,Standards specifications,18,True,True,Option 1,option 1,option 1,82
What are the key functionalities supported by the common services core in MC services? [3GPP Release 14],question 449,Standards overview,14,True,True,Option 4,option 4,option 4,83
What does the 5G system prevent in terms of privacy for UEs using 5G LAN-type service? [3GPP Release 17],question 454,Standards specifications,17,False,True,Option 5,option 1,option 1,84
Which 3GPP specification specifies the architecture for enabling Edge Applications in 5GS? [3GPP Release 18],question 456,Standards specifications,18,True,True,Option 3,option 3,option 3,85
What is associated with a time and/or date setting in the IMS Multimedia Telephony service? [3GPP Release 17],question 463,Standards specifications,17,True,True,Option 3,option 3,option 3,86
What is the purpose of the EAS discovery in the application layer architecture? [3GPP Release 18],question 468,Standards specifications,18,True,True,Option 1,option 1,option 1,87
Which entities can consume Management Data Analytics Service (MDAS)? [3GPP Release 17],question 470,Standards specifications,17,True,True,Option 1,option 1,option 1,88
Which solutions in LTE support configurable reliability and latency combinations? [3GPP Release 18],question 475,Standards specifications,18,False,True,Option 2,option 1,option 1,89
What type of frames does the Ethernet transport service need to support? [3GPP Release 17],question 478,Standards specifications,17,True,True,Option 3,option 3,option 3,90
What is the typical connection density in factory automation applications? [3GPP Release 17],question 483,Standards specifications,17,False,True,Option 4,option 3,option 3,91
What is the purpose of the Common API Framework (CAPIF) for 3GPP Northbound APIs? [3GPP Release 16],question 499,Standards overview,16,True,True,Option 1,option 1,option 1,92
How are capability parameters signalled in the corresponding FSs for intra-band contiguous CA? [3GPP Release 18],question 506,Standards specifications,18,True,True,Option 4,option 4,option 4,93
What is the purpose of the Enhanced TNL Address Discovery with the X2 GW? [3GPP Release 17],question 530,Standards specifications,17,True,True,Option 4,option 4,option 4,94
What is the purpose of providing secure means for communication scheduling information to an NPN in a 5G network? [3GPP Release 17],question 539,Standards specifications,17,False,True,Option 4,option 1,option 1,95
What are the ThreshServingOffloadWLAN parameters used for? [3GPP Release 17],question 540,Standards specifications,17,True,True,Option 5,option 5,option 5,96
"For FR2-2 measurement system, what is the minimum channel bandwidth required for modelling multi-path fading in single carrier scenarios? [3GPP Release 18]",question 548,Standards specifications,18,True,False,Option 1,option 2,option 1,97
What does 5GS act as when integrated with IEEE TSN network? [3GPP Release 18],question 552,Standards specifications,18,False,True,Option 2,option 1,option 1,98
What is the scrambling sequence generator initialized with for a PDCCH with the CRC scrambled by G-RNTI in a common search space? [3GPP Release 17],question 558,Standards specifications,17,False,False,Option 3,option 5,option 1,99
Which RRC state is the UE in when no RRC connection is established? [3GPP Release 17],question 563,Standards specifications,17,True,True,Option 5,option 5,option 5,100
What are the management aspects addressed by the OAM_LTE_WLAN work item? [3GPP Release 16],question 564,Standards overview,16,True,False,Option 3,option 2,option 3,101
How are the antenna elements placed on each antenna panel? [3GPP Release 17],question 566,Standards specifications,17,True,True,Option 3,option 3,option 3,102
What is the purpose of the map-based hybrid channel model? [3GPP Release 18],question 577,Standards specifications,18,True,True,Option 2,option 2,option 2,103
What types of services can be included in a subscription? [3GPP Release 18],question 589,Standards specifications,18,False,True,Option 2,option 1,option 1,104
What is the role of the serving network in fraud control? [3GPP Release 18],question 596,Standards specifications,18,False,False,Option 1,option 3,option 2,105
What information may be provided to an emergency services LCS Client without any request? [3GPP Release 17],question 604,Standards specifications,17,True,True,Option 3,option 3,option 3,106
What is the term for the interference between UL transmission in one cell and DL reception in another cell? [3GPP Release 18],question 609,Standards specifications,18,False,True,Option 4,option 3,option 3,107
Which keys are derived from KAMF for the protection of NAS signaling? [3GPP Release 18],question 619,Standards specifications,18,True,True,Option 1,option 1,option 1,108
What can be part of the 3GPP PS Data Off Exempt Services? [3GPP Release 18],question 621,Standards specifications,18,True,True,Option 4,option 4,option 4,109
What are the components of the Charging Trigger Function (CTF)? [3GPP Release 18],question 628,Standards specifications,18,False,True,Option 5,option 1,option 1,110
What are some examples of UICC applications? [3GPP Release 18],question 631,Standards specifications,18,True,True,Option 4,option 4,option 4,111
What does V2X stand for in the context of the document? [3GPP Release 15],question 634,Standards overview,15,True,True,Option 5,option 5,option 5,112
How does the NWDAF collect information from the UPF? [3GPP Release 18],question 636,Standards specifications,18,True,True,Option 3,option 3,option 3,113
When does a Multi-USIM UE indicate the supported Multi-USIM features to the AMF during the Registration procedure? [3GPP Release 18],question 638,Standards specifications,18,True,True,Option 1,option 1,option 1,114
How can the network request the mobile station to change the UMTS codec during a speech call? [3GPP Release 18],question 643,Standards specifications,18,False,True,Option 1,option 4,option 4,115
What is the purpose of inter-network settlement mechanisms? [3GPP Release 18],question 644,Standards specifications,18,True,True,Option 4,option 4,option 4,116
What enhancements were introduced in Release-14 for LTE-WLAN Aggregation (LWA)? [3GPP Release 14],question 646,Standards specifications,14,True,True,Option 4,option 4,option 4,117
What is the purpose of cross-network slice coordination? [3GPP Release 17],question 647,Standards specifications,17,True,True,Option 1,option 1,option 1,118
What does the Rel. 16 feature of Subscription information allow? [3GPP Release 16],question 648,Standards overview,16,False,True,Option 1,option 4,option 4,119
"What is the purpose of control plane load control, congestion and overload control in the 5G System? [3GPP Release 18]",question 649,Standards specifications,18,False,True,Option 3,option 1,option 1,120
When is the authorization for connectivity and services evaluated? [3GPP Release 18],question 652,Standards specifications,18,False,True,Option 2,option 4,option 4,121
How is the LMF connected to the NG-RAN node in the positioning architecture? [3GPP Release 16],question 654,Standards overview,16,False,False,Option 3,option 3,option 5,122
What is the purpose of the SCEF+NEF node in the non-roaming architecture for Service Exposure? [3GPP Release 18],question 658,Standards specifications,18,True,True,Option 2,option 2,option 2,123
What does a RedCap UE expect if it monitors PDCCH according to Type1-PDCCH CSS set and does not monitor PDCCH according to Type2-PDCCH CSS set? [3GPP Release 17],question 669,Standards specifications,17,True,False,Option 2,option 1,option 2,124
What key information is used by the Terminating Access Domain Selection (T-ADS) mechanism? [3GPP Release 14],question 671,Standards specifications,14,True,True,Option 4,option 4,option 4,125
Which channels are used for the performance requirements in Narrowband IoT? [3GPP Release 18],question 674,Standards specifications,18,False,False,Option 1,option 1,option 3,126
In which operation does the UDM update session management subscriber data stored in the SMF? [3GPP Release 18],question 681,Standards specifications,18,False,True,Option 4,option 1,option 1,127
What does QCI-1 represent in LTE? [3GPP Release 14],question 688,Standards overview,14,False,True,Option 1,option 2,option 2,128
Which physical channel informs the UE and the RN about the number of OFDM symbols used for the PDCCHs? [3GPP Release 17],question 702,Standards specifications,17,True,True,Option 2,option 2,option 2,129
Which specification specifies the Support of NR MBS in non-split gNB case? [3GPP Release 17],question 710,Standards specifications,17,False,True,Option 4,option 3,option 3,130
What type of reports are used to support QoS-aware packet scheduling in the uplink? [3GPP Release 17],question 715,Standards specifications,17,False,True,Option 2,option 4,option 4,131
What is the purpose of the ePWS feature? [3GPP Release 16],question 716,Standards overview,16,True,False,Option 1,option 4,option 1,132
What happens when the Control Plane data back-off timer is running? [3GPP Release 18],question 717,Standards specifications,18,False,False,Option 2,option 2,option 1,133
What is the main role of the DeNB in the mobility of a UE to or from an RN? [3GPP Release 17],question 721,Standards specifications,17,True,True,Option 1,option 1,option 1,134
Which reference point is between SMF and the CHF in the same PLMN? [3GPP Release 18],question 731,Standards specifications,18,False,True,Option 1,option 2,option 2,135
What is the purpose of the Nnef_MSISDN-less_MO_SMS service? [3GPP Release 18],question 754,Standards specifications,18,True,True,Option 1,option 1,option 1,136
"In a split gNB architecture, how is RACH configuration conflict resolved? [3GPP Release 17]",question 761,Standards specifications,17,False,False,Option 2,option 3,option 5,137
Which positioning techniques are supported in the NR positioning work item? [3GPP Release 16],question 763,Standards overview,16,True,True,Option 3,option 3,option 3,138
What is the observed range of BS energy savings when the traffic is reduced for BWP adaptation within a carrier? [3GPP Release 18],question 767,Standards specifications,18,True,True,Option 1,option 1,option 1,139
What should the UE do when checking access Class or ACDC category related cell access restrictions during RRC connection establishment for E-UTRA connected to EPC? [3GPP Release 17],question 773,Standards specifications,17,True,False,Option 4,option 1,option 4,140
What does MINT stand for? [3GPP Release 17],question 797,Standards overview,17,True,True,Option 4,option 4,option 4,141
What are the two main types of multimedia services? [3GPP Release 18],question 799,Standards specifications,18,True,True,Option 1,option 1,option 1,142
How many demodulation branches are the radiated performance requirements limited to for SAN type 1-O? [3GPP Release 18],question 812,Standards specifications,18,False,True,Option 2,option 1,option 1,143
When is DCP configured on the PCell? [3GPP Release 17],question 813,Standards specifications,17,False,False,Option 4,option 4,option 5,144
What is a requirement for clock synchronisation of the 5G system? [3GPP Release 19],question 815,Standards specifications,19,False,False,Option 1,option 1,option 5,145
Which identity is used for identification of the Random Access Response in the downlink? [3GPP Release 17],question 818,Standards specifications,17,True,True,Option 2,option 2,option 2,146
What is the purpose of the Service Enabler Architecture Layer (SEAL) for Verticals? [3GPP Release 16],question 823,Standards overview,16,False,False,Option 3,option 3,option 2,147
In which mode does an MS store the forbidden tracking area identity (TAI) in a list for regional provision of service? [3GPP Release 18],question 824,Standards specifications,18,False,True,Option 4,option 3,option 3,148
What are the requirements for relay UE selection for Evolved ProSe Remote UE access? [3GPP Release 17],question 832,Standards specifications,17,True,True,Option 5,option 5,option 5,149
What is the term used to describe an end user device replacing the UE that does not support 5G capabilities? [3GPP Release 16],question 835,Standards overview,16,True,True,Option 5,option 5,option 5,150
In which specification are the training guidelines for MDA ML entities given? [3GPP Release 17],question 836,Standards specifications,17,False,True,Option 3,option 1,option 1,151
What is the maximum frequency considered for the SNR calculation in band n263? [3GPP Release 18],question 849,Standards specifications,18,True,True,Option 3,option 3,option 3,152
What is the maximum value of E-UTRA carrier frequency? [3GPP Release 17],question 855,Standards specifications,17,False,False,Option 2,option 2,option 1,153
"What is the numerology based on for PSS, SSS, and PBCH? [3GPP Release 17]",question 856,Standards specifications,17,False,False,Option 1,option 2,option 3,154
What type of model can the consumer request for QoS Sustainability analytics? [3GPP Release 18],question 863,Standards specifications,18,True,True,Option 3,option 3,option 3,155
What happens when a mobile station (MS) attempts to camp on a cell for which it does not have service entitlement? [3GPP Release 18],question 875,Standards specifications,18,True,True,Option 2,option 2,option 2,156
How can the MTLF determine ML Model degradation? [3GPP Release 18],question 886,Standards specifications,18,True,True,Option 3,option 3,option 3,157
What does the Robust Call Setup for VoLTE subscriber in LTE Work Item aim to address? [3GPP Release 14],question 888,Standards overview,14,False,False,Option 3,option 2,option 1,158
What is the purpose of the User Service Identity Module (USIM)? [3GPP Release 18],question 890,Standards specifications,18,False,False,Option 5,option 5,option 2,159
What is the purpose of Immediate Divert in IP-PBX? [3GPP Release 17],question 892,Standards specifications,17,False,False,Option 5,option 5,option 1,160
Which logical channel can be mapped to UL-SCH in the uplink? [3GPP Release 18],question 900,Standards specifications,18,True,True,Option 4,option 4,option 4,161
What is the purpose of Dual Connectivity in the RAN? [3GPP Release 18],question 913,Standards specifications,18,False,True,Option 3,option 4,option 4,162
What does the group identifier 'External Group ID' used by the SCS/AS and SCEF represent? [3GPP Release 14],question 917,Standards specifications,14,True,True,Option 2,option 2,option 2,163
What is the scrambling sequence generator initialized with for a UE-specific search space? [3GPP Release 17],question 921,Standards specifications,17,False,True,Option 1,option 4,option 4,164
What is the spacing between carriers for category M1? [3GPP Release 18],question 923,Standards specifications,18,False,True,Option 2,option 4,option 4,165
Which architecture supports offline and online charging for Non-seamless WLAN offloaded traffic from a 3GPP UE and for fixed devices? [3GPP Release 18],question 929,Standards specifications,18,False,True,Option 1,option 2,option 2,166
What is the purpose of the Make-Before-Break solution? [3GPP Release 14],question 934,Standards specifications,14,True,True,Option 1,option 1,option 1,167
What kind of coordination communication is used in the RIM frameworks? [3GPP Release 18],question 941,Standards specifications,18,True,True,Option 2,option 2,option 2,168
What is the purpose of CS multimedia calls? [3GPP Release 18],question 943,Standards specifications,18,True,True,Option 2,option 2,option 2,169
Which stage introduced eCall for EPS over E-UTRAN? [3GPP Release 14],question 946,Standards specifications,14,False,True,Option 1,option 2,option 2,170
What is the role of the home environment in the delegation of charging authority? [3GPP Release 18],question 955,Standards specifications,18,False,False,Option 1,option 2,option 4,171
What is the potential impact of ARP errors on NR carrier phase positioning accuracy? [3GPP Release 18],question 962,Standards specifications,18,True,True,Option 2,option 2,option 2,172
What is an acceptable cell? [3GPP Release 17],question 976,Standards specifications,17,False,False,Option 3,option 3,option 1,173
What can be achieved with semi-static TRP reduction in multi-TRP operation? [3GPP Release 18],question 979,Standards specifications,18,True,True,Option 1,option 1,option 1,174
Which clause provides the MU assessment for 52.6GHz? [3GPP Release 18],question 986,Standards specifications,18,True,True,Option 5,option 5,option 5,175
What does the gNB-DU respond with to the gNB-CU after receiving the UE CONTEXT SETUP REQUEST message? [3GPP Release 17],question 990,Standards specifications,17,True,True,Option 5,option 5,option 5,176
What is the purpose of the QoS profile in NG-RAN? [3GPP Release 18],question 1005,Standards specifications,18,True,True,Option 2,option 2,option 2,177
What is the purpose of 5G LAN-type service in indirect communication mode? [3GPP Release 17],question 1014,Standards specifications,17,True,True,Option 4,option 4,option 4,178
How are Mobile Terminated Voice calls delivered for MEs capable of offering voice service on CS and IMS? [3GPP Release 18],question 1016,Standards specifications,18,True,True,Option 5,option 5,option 5,179
What is the purpose of service management requirements? [3GPP Release 18],question 1019,Standards specifications,18,True,True,Option 3,option 3,option 3,180
What is the procedure called by which a UE acquires time and frequency synchronization with a cell and detects the Cell ID of that cell? [3GPP Release 17],question 1025,Standards specifications,17,True,True,Option 2,option 2,option 2,181
What should URSP rules based on AF guidance not be set as? [3GPP Release 18],question 1029,Standards specifications,18,False,False,Option 3,option 3,option 1,182
Which type of reporting is supported for CLI measurements? [3GPP Release 18],question 1030,Standards specifications,18,True,True,Option 3,option 3,option 3,183
What is the purpose of the Media Streaming AF Event Exposure work item? [3GPP Release 17],question 1032,Standards overview,17,True,True,Option 1,option 1,option 1,184
What does the LCS Server enable in terms of services? [3GPP Release 17],question 1036,Standards specifications,17,True,True,Option 1,option 1,option 1,185
"In the context of LTE, what is the purpose of the Downlink Multiuser Superposition Transmission (MUST) feature? [3GPP Release 14]",question 1037,Standards specifications,14,True,True,Option 2,option 2,option 2,186
Which physical channel carries the DL-SCH and PCH? [3GPP Release 17],question 1043,Standards specifications,17,True,True,Option 1,option 1,option 1,187
What is the default value for the sl-MaxCID-r16 parameter in SidelinkPreconfigNR-r16? [3GPP Release 17],question 1044,Standards specifications,17,False,True,Option 4,option 2,option 2,188
What determines the allowed network exposure information for the UE? [3GPP Release 18],question 1054,Standards specifications,18,True,False,Option 5,option 2,option 5,189
"In SNPN access operation mode over 3GPP access, what lists does the MS maintain for regional provision of service? [3GPP Release 18]",question 1065,Standards specifications,18,False,True,Option 3,option 2,option 2,190
How can power saving be enabled during active-time? [3GPP Release 18],question 1066,Standards specifications,18,False,False,Option 2,option 2,option 4,191
What is the granularity of the dl-PRS-ResourceBandwidth parameter? [3GPP Release 17],question 1067,Standards specifications,17,True,True,Option 1,option 1,option 1,192
What functionalities does the RRC sublayer provide for sidelink communication? [3GPP Release 18],question 1078,Standards specifications,18,True,True,Option 5,option 5,option 5,193
What are the categories of users that the ePWS feature aims to better disseminate Warning Notifications to? [3GPP Release 16],question 1083,Standards overview,16,True,True,Option 2,option 2,option 2,194
How do victim gNBs determine if the atmospheric ducting phenomenon has ceased in the wireless framework? [3GPP Release 18],question 1095,Standards specifications,18,True,True,Option 5,option 5,option 5,195
In which scenarios does the consumer NF determine new QoS parameters? [3GPP Release 18],question 1096,Standards specifications,18,True,False,Option 3,option 5,option 3,196
How is the 5G VN group configuration information delivered to the UE? [3GPP Release 18],question 1099,Standards specifications,18,False,True,Option 5,option 3,option 3,197
What information does the consumer of NF load analytics need to indicate in the request? [3GPP Release 18],question 1101,Standards specifications,18,True,True,Option 3,option 3,option 3,198
What is the scrambling sequence initialized with at the start of each SS/PBCH block? [3GPP Release 17],question 1104,Standards specifications,17,True,True,Option 3,option 3,option 3,199
What is the requirement for network traffic patterns in service capabilities? [3GPP Release 18],question 1110,Standards specifications,18,True,True,Option 3,option 3,option 3,200
Which conditions must be satisfied for traffic steering from E-UTRAN to WLAN? [3GPP Release 17],question 1112,Standards specifications,17,True,True,Option 1,option 1,option 1,201
What are the characteristics of the interfering signals for E-UTRA SAN? [3GPP Release 18],question 1119,Standards specifications,18,False,True,Option 3,option 2,option 2,202
What is the purpose of integrity protection in NR connected to 5GC security? [3GPP Release 18],question 1123,Standards specifications,18,True,False,Option 4,option 2,option 4,203
When does the NG-RAN perform NG-RAN paging before reporting the UE's location? [3GPP Release 18],question 1134,Standards specifications,18,False,False,Option 4,option 2,option 3,204
What is the key characteristic of a roaming broker enabled Home Environment? [3GPP Release 18],question 1143,Standards specifications,18,True,False,Option 5,option 2,option 5,205
Which specifications define the Network Resource Model (NRM) information service and solution set for 5G networks and network slicing? [3GPP Release 15],question 1144,Standards overview,15,False,False,Option 5,option 5,option 1,206
What does the Timing Delta MAC CE indicate to an IAB-node? [3GPP Release 17],question 1148,Standards specifications,17,True,True,Option 1,option 1,option 1,207
Is supporting periodic location reporting a requirement for Emergency Services? [3GPP Release 17],question 1160,Standards specifications,17,False,True,Option 1,option 2,option 2,208
What is the purpose of fraud control in the home environment? [3GPP Release 18],question 1161,Standards specifications,18,False,False,Option 4,option 4,option 2,209
Which feature in Rel-16 allows transmission of uplink data payload without performing random access procedures? [3GPP Release 16],question 1166,Standards overview,16,True,True,Option 3,option 3,option 3,210
What is the main goal of enabling 5G LAN-type services and virtual networks? [3GPP Release 16],question 1170,Standards overview,16,True,True,Option 2,option 2,option 2,211
What is the key functionality introduced for prioritization between overlapping uplink resources of one UE in the 5G Core network? [3GPP Release 16],question 1173,Standards overview,16,True,True,Option 3,option 3,option 3,212
What action does the network take if a QCI-1 bearer setup request for VoLTE is rejected during a terminating session? [3GPP Release 14],question 1174,Standards overview,14,False,True,Option 1,option 2,option 2,213
What does network diagnostics aim to achieve? [3GPP Release 17],question 1176,Standards specifications,17,True,True,Option 5,option 5,option 5,214
What is the purpose of load-balancing steering mode enhancements? [3GPP Release 17],question 1184,Standards overview,17,True,True,Option 3,option 3,option 3,215
What is the maximum number of CBR range configurations for sidelink communication congestion control? [3GPP Release 17],question 1185,Standards specifications,17,False,False,Option 12,option 2,option 1,216
What information is included in the Location Report message when the NG-RAN detects that the UE has moved out of or into multiple areas of interest? [3GPP Release 18],question 1189,Standards specifications,18,True,True,Option 4,option 4,option 4,217
Which satellite access network type has the lowest end-to-end latency requirement in a 5G system? [3GPP Release 17],question 1191,Standards specifications,17,True,True,Option 3,option 3,option 3,218
Which standard defines the integration of the 5G System into a TSN data network (DN)? [3GPP Release 18],question 1196,Standards specifications,18,False,False,Option 2,option 4,option 5,219
What is the on-duration of DRX? [3GPP Release 18],question 1207,Standards specifications,18,True,True,Option 3,option 3,option 3,220
What inputs are required for the Nmfaf_3caDataManagement_Notify service operation? [3GPP Release 18],question 1210,Standards specifications,18,False,True,Option 3,option 2,option 2,221
Which 3GPP working group is responsible for defining the security aspects of LTE based V2X communication? [3GPP Release 14],question 1211,Standards overview,14,False,True,Option 4,option 3,option 3,222
What are the data services included in MCData in Release 14? [3GPP Release 14],question 1215,Standards overview,14,True,True,Option 3,option 3,option 3,223
What is the purpose of service continuity in the Evolved Packet System? [3GPP Release 17],question 1217,Standards specifications,17,True,True,Option 4,option 4,option 4,224
What does the SMF do when it receives the enabling request for analytics information exposure from a UE? [3GPP Release 18],question 1226,Standards specifications,18,False,False,Option 1,option 5,option 2,225
What can the user change in the privacy exception list? [3GPP Release 17],question 1228,Standards specifications,17,True,True,Option 5,option 5,option 5,226
What does a '1' value for a bit in the TRS availability indication field indicate? [3GPP Release 17],question 1241,Standards specifications,17,True,False,Option 5,option 1,option 5,227
What is the purpose of transferring CDRs via Bx? [3GPP Release 18],question 1246,Standards specifications,18,False,True,Option 1,option 2,option 2,228
What is the purpose of spreading in PUCCH formats 3 and 4? [3GPP Release 17],question 1248,Standards specifications,17,False,True,Option 4,option 2,option 2,229
How does the NWDAF collect input data for PDU Session traffic analytics? [3GPP Release 18],question 1253,Standards specifications,18,True,True,Option 3,option 3,option 3,230
Which of the following options does NWDAF collect input data from? [3GPP Release 18],question 1254,Standards specifications,18,True,True,Option 4,option 4,option 4,231
What is the purpose of the xMB API? [3GPP Release 16],question 1258,Standards overview,16,False,False,Option 1,option 1,option 4,232
What is the purpose of Indirect 3GPP Communication? [3GPP Release 17],question 1264,Standards specifications,17,True,True,Option 1,option 1,option 1,233
What is the SNR target for higher CBWs assuming 16 and 20 dB? [3GPP Release 18],question 1274,Standards specifications,18,False,False,Option 4,option 2,option 3,234
How is a 5G VN group identified? [3GPP Release 18],question 1283,Standards specifications,18,False,True,Option 4,option 2,option 2,235
Which message contains the low layer configuration for the UE? [3GPP Release 17],question 1287,Standards specifications,17,True,False,Option 5,option 3,option 5,236
What are the two main groups of logical channels in the MAC sublayer? [3GPP Release 17],question 1288,Standards specifications,17,False,True,Option 1,option 2,option 2,237
What is the purpose of the feature 'Multi-server bearer coordination' for MBMS usage in MC services? [3GPP Release 15],question 1299,Standards overview,15,False,True,Option 2,option 1,option 1,238
What is VarMeasIdleConfig used for? [3GPP Release 17],question 1310,Standards specifications,17,False,True,Option 2,option 1,option 1,239
What is the role of a Relay Node (RN) in E-UTRAN? [3GPP Release 17],question 1311,Standards specifications,17,False,False,Option 2,option 2,option 1,240
What is the purpose of S-NSSAI based congestion control? [3GPP Release 18],question 1312,Standards specifications,18,True,True,Option 2,option 2,option 2,241
Which access control mechanisms are supported by NG-RAN? [3GPP Release 18],question 1318,Standards specifications,18,True,True,Option 5,option 5,option 5,242
What is the purpose of the N26 interface in the non-roaming architecture for interworking between 5GS and EPC? [3GPP Release 18],question 1321,Standards specifications,18,False,False,Option 2,option 3,option 1,243
Which interface is used between the BSC and BTS to support the services offered to the GSM users and subscribers? [3GPP Release 17],question 1331,Standards specifications,17,True,True,Option 3,option 3,option 3,244
What is the purpose of the 'Connect-streaming' communication paradigm in management service interactions? [3GPP Release 17],question 1343,Standards specifications,17,True,True,Option 2,option 2,option 2,245
Which interface is used to transfer OAM traffic between the RN and the OAM system? [3GPP Release 17],question 1345,Standards specifications,17,False,True,Option 5,option 3,option 3,246
Which state is the UE expected to receive the DL PRS for RTT-based propagation delay compensation in? [3GPP Release 17],question 1348,Standards specifications,17,True,True,Option 2,option 2,option 2,247
"What aspect does the CT Work Item ""V8-CT"" focus on? [3GPP Release 14]",question 1355,Standards overview,14,False,True,Option 3,option 4,option 4,248
Where can the UE receive PLMN identity and CN type information in a given cell? [3GPP Release 17],question 1358,Standards specifications,17,True,True,Option 4,option 4,option 4,249
What is the cyclic-prefix length for normal cyclic prefix in SC-FDMA? [3GPP Release 17],question 1361,Standards specifications,17,True,False,Option 2,option 1,option 2,250
What physical channel is used for sidelink transmitted data itself? [3GPP Release 17],question 1370,Standards specifications,17,True,True,Option 4,option 4,option 4,251
What is the reference point between the GGSN and a packet data network? [3GPP Release 17],question 1375,Standards specifications,17,True,True,Option 4,option 4,option 4,252
What can a consumer of user data congestion analytics request? [3GPP Release 18],question 1379,Standards specifications,18,True,True,Option 4,option 4,option 4,253
What actions are taken when an AMF fails and is detected by the 5G-AN? [3GPP Release 18],question 1380,Standards specifications,18,True,True,Option 2,option 2,option 2,254
How are the metrics related to the provided thresholds evaluated for WLAN BSS? [3GPP Release 17],question 1383,Standards specifications,17,True,False,Option 2,option 3,option 2,255
When does the NG-RAN initiate the Connection Inactive procedure with CN based MT communication handling? [3GPP Release 18],question 1387,Standards specifications,18,True,False,Option 2,option 1,option 2,256
What is the purpose of the power headroom reports (PHR)? [3GPP Release 18],question 1389,Standards specifications,18,True,True,Option 1,option 1,option 1,257
What are the high-level features specified for 5G Location Services? [3GPP Release 16],question 1391,Standards overview,16,False,False,Option 3,option 3,option 2,258
Which network function is responsible for network exposure? [3GPP Release 18],question 1395,Standards specifications,18,True,True,Option 4,option 4,option 4,259
What is the purpose of Formatting Instructions? [3GPP Release 18],question 1397,Standards specifications,18,True,True,Option 3,option 3,option 3,260
What is a capability added in the V2X Application Enabler (VAE) layer? [3GPP Release 17],question 1399,Standards overview,17,False,True,Option 1,option 2,option 2,261
What defines the comb size of a DL PRS resource? [3GPP Release 17],question 1400,Standards specifications,17,True,True,Option 5,option 5,option 5,262
What does the NWDAF containing MTLF consider when using untrusted AF(s) as data sources? [3GPP Release 18],question 1411,Standards specifications,18,False,False,Option 3,option 3,option 1,263
"What does a '0' value for a bit of the bitmap, provided by dormancyGroupOutsideActiveTime, indicate? [3GPP Release 17]",question 1425,Standards specifications,17,False,False,Option 3,option 3,option 4,264
What does the 5G system need to support for the tactile and multi-modal communication service? [3GPP Release 17],question 1426,Standards specifications,17,False,False,Option 3,option 3,option 2,265
What happens when a registration attempt is rejected with a cause of 'permanent' PLMN restriction? [3GPP Release 18],question 1433,Standards specifications,18,True,True,Option 1,option 1,option 1,266
What is the interaction between the 5GC NF(s) and the EASDF? [3GPP Release 18],question 1445,Standards specifications,18,True,True,Option 4,option 4,option 4,267
What is the relative increase in cable loss per meter from 43.5 GHz to 71 GHz? [3GPP Release 18],question 1449,Standards specifications,18,False,False,Option 4,option 2,option 1,268
What is the polarization slant angle for a purely vertically polarized antenna element? [3GPP Release 18],question 1458,Standards specifications,18,False,False,Option 4,option 4,option 1,269
What determines the mapping between service data of different domains? [3GPP Release 18],question 1459,Standards specifications,18,False,True,Option 4,option 2,option 2,270
What aspect of the URSP rule does the Application Traffic Descriptor from the AF guidance affect? [3GPP Release 18],question 1461,Standards specifications,18,True,True,Option 2,option 2,option 2,271
Which specification defines the Nchf_SpendingLimitControl service? [3GPP Release 18],question 1463,Standards specifications,18,False,True,Option 4,option 3,option 3,272
What is Network Slice-Specific Authentication and Authorization (NSSAA)? [3GPP Release 16],question 1473,Standards overview,16,True,True,Option 2,option 2,option 2,273
What is the motion-to-photon latency range required to support VR environments with low motion-to-photon capabilities? [3GPP Release 17],question 1476,Standards specifications,17,True,True,Option 3,option 3,option 3,274
Which event notification is used to monitor the movement of candidate UEs in/out of the monitoring area? [3GPP Release 18],question 1479,Standards specifications,18,False,False,Option 1,option 1,option 4,275
What is the purpose of the HR-SBO PDU Session in roaming? [3GPP Release 18],question 1480,Standards specifications,18,False,False,Option 4,option 4,option 2,276
What is the purpose of the UE Capability Retrieval framework? [3GPP Release 18],question 1495,Standards specifications,18,True,True,Option 1,option 1,option 1,277
What functionality does LLDP provide in the TSN Transport Network? [3GPP Release 18],question 1497,Standards specifications,18,True,True,Option 3,option 3,option 3,278
What is the function of the Radio Bearer Service? [3GPP Release 17],question 1503,Standards specifications,17,True,True,Option 2,option 2,option 2,279
What does the UE ignore regarding cell access restrictions for cell reselection when camping on E-UTRA connected to 5GC? [3GPP Release 17],question 1508,Standards specifications,17,False,False,Option 1,option 1,option 2,280
What is the MDA capability for paging optimization analysis used for? [3GPP Release 17],question 1512,Standards specifications,17,False,True,Option 1,option 5,option 5,281
Which two new QoS Class Identifiers (QCIs) are added in 5G for Ultra Low Latency GBR services? [3GPP Release 18],question 1524,Standards specifications,18,False,True,Option 1,option 2,option 2,282
What reference point enables interactions between the EES and the EEC? [3GPP Release 18],question 1532,Standards specifications,18,True,False,Option 1,option 2,option 1,283
What is the definition of OTA sensitivity? [3GPP Release 18],question 1538,Standards specifications,18,True,False,Option 5,option 2,option 5,284
When does the UE apply the MCCH information acquisition procedure? [3GPP Release 17],question 1542,Standards specifications,17,True,True,Option 4,option 4,option 4,285
What is a multi-modal communication service? [3GPP Release 17],question 1545,Standards specifications,17,False,False,Option 4,option 4,option 3,286
What is one of the challenges of energy saving schemes in the radio access network (RAN)? [3GPP Release 17],question 1550,Standards specifications,17,False,False,Option 5,option 5,option 1,287
What is the range of frequencies for which the O2I car penetration loss models are applicable? [3GPP Release 17],question 1562,Standards specifications,17,True,True,Option 2,option 2,option 2,288
In which bearer option is the S1-U connection terminated in the MeNB? [3GPP Release 17],question 1566,Standards specifications,17,True,True,Option 3,option 3,option 3,289
When does the UE monitor DCP on the active BWP? [3GPP Release 18],question 1573,Standards specifications,18,True,True,Option 4,option 4,option 4,290
What is the purpose of introducing shorter scheduling periods in downlink and sidelink for V2X messages? [3GPP Release 14],question 1574,Standards overview,14,True,True,Option 1,option 1,option 1,291
Which USIM registration triggers the allocation of a new 5G-GUTI for the Paging Timing Collision Control feature? [3GPP Release 18],question 1580,Standards specifications,18,False,True,Option 1,option 2,option 2,292
What is the purpose of the MnS discovery service? [3GPP Release 17],question 1581,Standards specifications,17,True,True,Option 1,option 1,option 1,293
What is the purpose of the WI 'OAM14-FILMEAS'? [3GPP Release 14],question 1583,Standards specifications,14,False,False,Option 5,option 5,option 1,294
What is the purpose of dynamic resource schedulers in MAC in gNB? [3GPP Release 17],question 1595,Standards specifications,17,False,True,Option 4,option 1,option 1,295
How does the UE determine the PDU Session Pair ID and/or RSN for redundant PDU Sessions in URLLC? [3GPP Release 18],question 1599,Standards specifications,18,True,True,Option 1,option 1,option 1,296
What is the purpose of 3GPP PS Data Off feature? [3GPP Release 18],question 1609,Standards specifications,18,True,True,Option 1,option 1,option 1,297
What does VarMeasReportList include? [3GPP Release 17],question 1614,Standards specifications,17,False,True,Option 1,option 4,option 4,298
What additional information is included in the initial SIP request for tracking IMS NEs generating charging information? [3GPP Release 18],question 1622,Standards specifications,18,True,True,Option 3,option 3,option 3,299
What happens if the SDT procedure is unsuccessful? [3GPP Release 18],question 1640,Standards specifications,18,False,True,Option 3,option 5,option 5,300
What are the main services and functions of the PDCP sublayer? [3GPP Release 17],question 1641,Standards specifications,17,True,True,Option 1,option 1,option 1,301
What does PDSCH repetition improve in LTE? [3GPP Release 18],question 1644,Standards specifications,18,True,True,Option 2,option 2,option 2,302
What is the purpose of the Edge Data Network (EDN) in enabling edge applications? [3GPP Release 17],question 1647,Standards overview,17,True,True,Option 4,option 4,option 4,303
What determines the serving core network operator for a non-supporting UE in a network broadcasting a multiple PLMN-id list? [3GPP Release 17],question 1651,Standards specifications,17,True,True,Option 2,option 2,option 2,304
What events should the Hosting E-UTRAN/NG-RAN Operator collect for accounting purposes? [3GPP Release 18],question 1673,Standards specifications,18,True,True,Option 3,option 3,option 3,305
What is the relation between the antenna element pattern in the GCS and the LCS? [3GPP Release 18],question 1682,Standards specifications,18,True,True,Option 2,option 2,option 2,306
What are the three features specified in TS 23.304 for 5G ProSe Direct Communication over NR based PC5 reference point? [3GPP Release 17],question 1687,Standards overview,17,False,True,Option 5,option 2,option 2,307
What parameter from the AF guidance is used to set the Route Selection Descriptor in the URSP rule? [3GPP Release 18],question 1690,Standards specifications,18,True,True,Option 1,option 1,option 1,308
What is the capacity of eNB-ID in a Macro eNB? [3GPP Release 14],question 1703,Standards specifications,14,False,False,Option 2,option 3,option 1,309
How does the scheduler assign resources between UEs? [3GPP Release 18],question 1707,Standards specifications,18,True,True,Option 1,option 1,option 1,310
What is the purpose of the Caller Identity Verification Results Delivery to the User? [3GPP Release 17],question 1708,Standards specifications,17,True,False,Option 1,option 3,option 1,311
What is the architecture component introduced to support wireline access network? [3GPP Release 16],question 1711,Standards overview,16,True,True,Option 3,option 3,option 3,312
Is the number of lists of forbidden tracking areas supported by an MS fixed or implementation-specific? [3GPP Release 18],question 1715,Standards specifications,18,True,True,Option 2,option 2,option 2,313
What is the function of a Base Transceiver Station (BTS)? [3GPP Release 17],question 1721,Standards specifications,17,False,False,Option 2,option 2,option 3,314
How is service continuity supported for specific slice(s)? [3GPP Release 17],question 1724,Standards overview,17,False,False,Option 3,option 4,option 1,315
What does the Location Service Request report provide? [3GPP Release 17],question 1728,Standards specifications,17,False,False,Option 4,option 1,option 2,316
Which of the following options is used by NWDAF to collect input data on the number of UEs registered in a S-NSSAI or S-NSSAI and NSI ID combination? [3GPP Release 18],question 1734,Standards specifications,18,False,False,Option 2,option 2,option 4,317
What does the MSC/SGSN inform gsmSCF about? [3GPP Release 17],question 1747,Standards specifications,17,False,True,Option 1,option 3,option 3,318
Which reference point is used to force traffic between a WLAN UE and PDG to go through the WAG? [3GPP Release 17],question 1750,Standards specifications,17,False,False,Option 4,option 4,option 5,319
What is the purpose of CDR generation in offline charging? [3GPP Release 18],question 1751,Standards specifications,18,True,True,Option 5,option 5,option 5,320
What triggers the UE mobility and AF relocation? [3GPP Release 18],question 1758,Standards specifications,18,False,False,Option 1,option 2,option 3,321
When does the NG-RAN node initiate Unified Access Control? [3GPP Release 18],question 1770,Standards specifications,18,True,True,Option 3,option 3,option 3,322
What is the Work Item addressing handling of data services within the Mission Critical framework? [3GPP Release 14],question 1780,Standards overview,14,True,True,Option 2,option 2,option 2,323
What is the purpose of management data analytics capability? [3GPP Release 17],question 1785,Standards specifications,17,True,True,Option 4,option 4,option 4,324
Which message is generated by the gNB-CU to transition the UE from RRC connected to RRC inactive? [3GPP Release 17],question 1787,Standards specifications,17,True,False,Option 3,option 4,option 3,325
What measures does the AMF contain for handling overload situations? [3GPP Release 18],question 1791,Standards specifications,18,True,True,Option 1,option 1,option 1,326
What specific identifiers are used for charging data correlation in the packet-switched domain? [3GPP Release 18],question 1805,Standards specifications,18,False,True,Option 3,option 2,option 2,327
What is the minimum number of unique grid points based on the simulation results for the non-uniform measurement grids? [3GPP Release 18],question 1810,Standards specifications,18,False,True,Option 5,option 3,option 3,328
What does PDSCH repetition improve? [3GPP Release 15],question 1812,Standards overview,15,True,True,Option 4,option 4,option 4,329
Which TS document includes the catalog of general security assurance requirements? [3GPP Release 14],question 1814,Standards specifications,14,True,True,Option 3,option 3,option 3,330
Which feature in Rel-16 enables reduced UE power consumption in idle mode by transmitting a wakeup signal to a group of UEs? [3GPP Release 16],question 1820,Standards overview,16,True,True,Option 4,option 4,option 4,331
What is the maximum value for the DTX to ACK probability for PUCCH transmission? [3GPP Release 18],question 1821,Standards specifications,18,False,True,Option 2,option 1,option 1,332
What information does the H-SMF provide in the Nsmf_PDUSession_Create Response? [3GPP Release 18],question 1822,Standards specifications,18,True,True,Option 3,option 3,option 3,333
What are the major service requirements for typical V2X application? [3GPP Release 14],question 1828,Standards overview,14,True,True,Option 5,option 5,option 5,334
What does the eMBMS enhancements for LTE work item specify? [3GPP Release 14],question 1841,Standards specifications,14,True,True,Option 2,option 2,option 2,335
What additional functions does the eNB support in case of SIPTO@LN with collocated L-GW? [3GPP Release 17],question 1855,Standards specifications,17,False,False,Option 4,option 4,option 2,336
What is the purpose of the Last Active USIM? [3GPP Release 18],question 1873,Standards specifications,18,True,True,Option 3,option 3,option 3,337
What is the responsibility of the network in the call control protocol? [3GPP Release 18],question 1875,Standards specifications,18,False,True,Option 4,option 2,option 2,338
What is the SNR difference corresponding to a ∆thermal value of 6 dB? [3GPP Release 18],question 1877,Standards specifications,18,False,True,Option 3,option 4,option 4,339
What is the purpose of the Binding Indication in the NF service discovery procedure? [3GPP Release 18],question 1881,Standards specifications,18,True,True,Option 4,option 4,option 4,340
Where does the USIM reside? [3GPP Release 18],question 1884,Standards specifications,18,True,True,Option 5,option 5,option 5,341
What must a multi-mode terminal do when it enters 3GPP mode of operation? [3GPP Release 18],question 1891,Standards specifications,18,False,True,Option 4,option 1,option 1,342
What does the ZSM framework reference architecture enable? [3GPP Release 17],question 1894,Standards specifications,17,True,True,Option 1,option 1,option 1,343
What is the principle for the long term evolution of the IM CN subsystem? [3GPP Release 18],question 1898,Standards specifications,18,True,True,Option 2,option 2,option 2,344
Which of the following analytics subsets is applicable to any consumer? [3GPP Release 18],question 1902,Standards specifications,18,True,True,Option 3,option 3,option 3,345
When is the minimum applicable scheduling offset restriction applied? [3GPP Release 17],question 1918,Standards specifications,17,False,False,Option 5,option 2,option 1,346
How can UE power consumption due to false paging alarms be reduced? [3GPP Release 17],question 1922,Standards overview,17,False,True,Option 3,option 5,option 5,347
How many subframes are there in half-frame 0? [3GPP Release 17],question 1956,Standards specifications,17,True,False,Option 1,option 4,option 1,348
What is the purpose of Generic Bootstrapping Architecture (GBA) in 5GC? [3GPP Release 17],question 1959,Standards overview,17,True,True,Option 1,option 1,option 1,349
What is the purpose of the sensing with semi-persistent transmission based mechanism in distributed scheduling (Mode 4)? [3GPP Release 14],question 1961,Standards overview,14,True,True,Option 4,option 4,option 4,350
What does the NWDAF collect from the UPF or the AF related to user data congestion analytics? [3GPP Release 18],question 1963,Standards specifications,18,True,False,Option 3,option 2,option 3,351
Which interfaces connect the eNodeBs to the EPC? [3GPP Release 17],question 1975,Standards specifications,17,True,True,Option 1,option 1,option 1,352
What happens when the Target NF/NF Service triggers the NF/NF Service Context Transfer Pull procedure? [3GPP Release 18],question 1981,Standards specifications,18,False,False,Option 2,option 2,option 4,353
What is the purpose of the Spherical Coverage Grid? [3GPP Release 18],question 1985,Standards specifications,18,True,True,Option 1,option 1,option 1,354
Which supplementary service is unaffected by the user's ability to undergo voice call continuity? [3GPP Release 18],question 1988,Standards specifications,18,False,False,Option 1,option 2,option 3,355
What is ProSe Communication? [3GPP Release 17],question 1996,Standards specifications,17,True,True,Option 2,option 2,option 2,356
What is the purpose of the Small Data Transmission (SDT) feature in NR? [3GPP Release 17],question 2003,Standards overview,17,True,True,Option 4,option 4,option 4,357
The Ga reference point allows the sending of __________ from the CDF to the CGF. [3GPP Release 18],question 2007,Standards specifications,18,False,True,Option 3,option 2,option 2,358
What is the assumption about the scheduling or configuration of the UE for reception of other downlink signals in the DL PRS resource for RTT-based propagation delay compensation? [3GPP Release 17],question 2009,Standards specifications,17,False,True,Option 1,option 2,option 2,359
Which type of precoding is supported for PSSCH transmission? [3GPP Release 17],question 2015,Standards specifications,17,False,True,Option 4,option 2,option 2,360
How are QoS flows mapped to DRBs in the uplink? [3GPP Release 18],question 2017,Standards specifications,18,True,True,Option 3,option 3,option 3,361
What does NSA stand for in the context of 5G architecture? [3GPP Release 18],question 2023,Standards specifications,18,True,True,Option 3,option 3,option 3,362
Which identity is used for UE identification temporarily used for scheduling during the random access procedure? [3GPP Release 17],question 2025,Standards specifications,17,False,False,Option 2,option 2,option 3,363
What type of modulation is used for PDCCH? [3GPP Release 17],question 2043,Standards specifications,17,False,True,Option 2,option 1,option 1,364
What is the purpose of the ISIM-specific information? [3GPP Release 18],question 2048,Standards specifications,18,False,False,Option 2,option 2,option 5,365
What functionality does Signalling Based Activation provide? [3GPP Release 17],question 2057,Standards overview,17,False,True,Option 3,option 4,option 4,366
When does authentication (charging/billing network) occur in order to get access to services? [3GPP Release 18],question 2060,Standards specifications,18,False,False,Option 5,option 5,option 1,367
What is a Paging Occasion (PO)? [3GPP Release 17],question 2061,Standards specifications,17,False,False,Option 2,option 2,option 5,368
Which new services drive the need for very low latency and high service availability in 5G? [3GPP Release 15],question 2067,Standards overview,15,True,True,Option 3,option 3,option 3,369
Which connectivity model requires URSP rules for steering the mapping between UE applications and PDU Sessions? [3GPP Release 18],question 2079,Standards specifications,18,True,False,Option 3,option 2,option 3,370
What is one of the functionalities introduced by the Media Handling Extensions for 5G Conversational Services work item? [3GPP Release 16],question 2080,Standards overview,16,False,True,Option 3,option 1,option 1,371
What are the enhancements for idle/inactive-mode UE power saving in NR? [3GPP Release 17],question 2081,Standards overview,17,True,True,Option 4,option 4,option 4,372
What triggers the UE to send the RRCResumeRequest message? [3GPP Release 17],question 2082,Standards specifications,17,True,True,Option 4,option 4,option 4,373
What is the channel spacing for UE category NB1 and NB2 in stand-alone mode? [3GPP Release 18],question 2086,Standards specifications,18,True,True,Option 1,option 1,option 1,374
Which uncertainty contribution originates from estimating the phase centre of the active antenna array? [3GPP Release 18],question 2097,Standards specifications,18,True,True,Option 1,option 1,option 1,375
Which document describes the transport channel and control channel data processing? [3GPP Release 17],question 2101,Standards specifications,17,False,True,Option 1,option 2,option 2,376
What is the formula to determine the Paging Frame (PF)? [3GPP Release 17],question 2105,Standards specifications,17,False,True,Option 3,option 5,option 5,377
Which entity may redirect the AF to a local NEF? [3GPP Release 18],question 2106,Standards specifications,18,False,False,Option 3,option 1,option 4,378
What is the purpose of the new uplink coverage class CC5 in EC-GSM-IoT? [3GPP Release 14],question 2108,Standards overview,14,True,True,Option 4,option 4,option 4,379
What type of network optimization is supported based on context information in the 3GPP system? [3GPP Release 17],question 2116,Standards specifications,17,True,True,Option 3,option 3,option 3,380
How does a Multi-USIM UE indicate to the network that it does not accept the paging and requests to return to CM-IDLE state? [3GPP Release 17],question 2120,Standards overview,17,True,True,Option 4,option 4,option 4,381
Which basic requirements shall be supported for CS multimedia calls? [3GPP Release 18],question 2126,Standards specifications,18,False,True,Option 2,option 4,option 4,382
What is the maximum achievable SNR for the demodulation test setup in band n262? [3GPP Release 18],question 2136,Standards specifications,18,False,True,Option 4,option 3,option 3,383
What is the provision of services? [3GPP Release 18],question 2145,Standards specifications,18,False,False,Option 2,option 2,option 5,384
What is the purpose of UE radio capability signalling optimization? [3GPP Release 16],question 2146,Standards overview,16,True,True,Option 2,option 2,option 2,385
What two functionalities were introduced in the enhancement of the Dedicated Core Networks selection mechanism? [3GPP Release 14],question 2152,Standards overview,14,False,False,Option 2,option 2,option 1,386
What is the purpose of the Slice-Maximum Bit Rate (S-MBR)? [3GPP Release 17],question 2160,Standards overview,17,True,True,Option 1,option 1,option 1,387
Which uncertainty contribution is related to the coupling between the UE antenna and the measurement antenna in the near field? [3GPP Release 18],question 2163,Standards specifications,18,True,True,Option 5,option 5,option 5,388
What are the pre-conditions for estimating the energy consumption of VNF/VNFCs? [3GPP Release 18],question 2166,Standards specifications,18,True,True,Option 3,option 3,option 3,389
What aspects of the Disaster Roaming service are specified in TS 22.011 and TS 22.261? [3GPP Release 17],question 2174,Standards overview,17,False,False,Option 2,option 2,option 5,390
What is the purpose of the control plane protocol for the N4 interface between the SMF and UPF? [3GPP Release 18],question 2176,Standards specifications,18,True,True,Option 5,option 5,option 5,391
Which frequency range should the channel model support? [3GPP Release 18],question 2185,Standards specifications,18,False,False,Option 3,option 4,option 5,392
What is the purpose of recoverySearchSpaceId? [3GPP Release 17],question 2186,Standards specifications,17,True,True,Option 4,option 4,option 4,393
Which reference point supports interaction between a CTF and a CDF? [3GPP Release 18],question 2188,Standards specifications,18,False,True,Option 2,option 4,option 4,394
What is the primary purpose of MPS for MMTEL voice? [3GPP Release 18],question 2190,Standards specifications,18,True,True,Option 4,option 4,option 4,395
How does the UE report its 3GPP PS Data Off status? [3GPP Release 18],question 2193,Standards specifications,18,False,True,Option 4,option 1,option 1,396
Which penetration loss model is applicable to UMa and UMi-Street Canyon scenarios? [3GPP Release 17],question 2196,Standards specifications,17,True,True,Option 3,option 3,option 3,397
How is the RB set for the PUSCH transmission determined when using RB set allocation? [3GPP Release 17],question 2197,Standards specifications,17,False,True,Option 1,option 3,option 3,398
"What does a '0' value for the Wake-up indication bit, when reported to higher layers, indicate? [3GPP Release 17]",question 2205,Standards specifications,17,True,True,Option 2,option 2,option 2,399
What does the NWDAF derive when the Analytics target period is in the future? [3GPP Release 18],question 2208,Standards specifications,18,True,True,Option 3,option 3,option 3,400
What is the purpose of the Provision of potential TRS/CSI-RS occasion(s) to idle/inactive-mode UEs? [3GPP Release 17],question 2210,Standards overview,17,False,True,Option 2,option 4,option 4,401
What can a Target UE subscription profile specify? [3GPP Release 17],question 2214,Standards specifications,17,False,False,Option 5,option 5,option 1,402
What is a Premises Radio Access Station (PRAS)? [3GPP Release 17],question 2216,Standards specifications,17,False,False,Option 1,option 1,option 4,403
What is the purpose of the SCP (Service Communication Proxy) in the Service-Based Architecture? [3GPP Release 16],question 2217,Standards overview,16,True,True,Option 1,option 1,option 1,404
How is the time reference provided to users broadcasted in LTE? [3GPP Release 18],question 2228,Standards specifications,18,True,True,Option 3,option 3,option 3,405
What is the main characteristic of the 5GC architecture? [3GPP Release 15],question 2245,Standards overview,15,True,True,Option 4,option 4,option 4,406
What is the purpose of the PDCCH-based power saving signal/channel for wake-up purpose? [3GPP Release 16],question 2254,Standards specifications,16,False,False,Option 2,option 2,option 5,407
Which of the following functions are included in the mobility functions of the RRC sublayer? [3GPP Release 18],question 2256,Standards specifications,18,True,True,Option 5,option 5,option 5,408
Which keys are derived from KgNB for the protection of UP traffic between ME and gNB? [3GPP Release 18],question 2259,Standards specifications,18,True,True,Option 2,option 2,option 2,409
What is the purpose of MDT data collection? [3GPP Release 18],question 2264,Standards specifications,18,True,True,Option 3,option 3,option 3,410
What physical layer measurement quantity can be used for sidelink? [3GPP Release 17],question 2268,Standards specifications,17,False,False,Option 1,option 1,option 3,411
Which identity is used for Semi-Persistent Scheduling in the downlink or configured grant in the uplink? [3GPP Release 17],question 2276,Standards specifications,17,True,True,Option 3,option 3,option 3,412
What type of bearer is used for IMS Signalling and IMS voice in the NSA architecture? [3GPP Release 15],question 2278,Standards overview,15,False,False,Option 4,option 4,option 2,413
What is the maximum value for the false alarm probability for PRACH detection? [3GPP Release 18],question 2279,Standards specifications,18,True,True,Option 1,option 1,option 1,414
What are the MuD and MiD services used for? [3GPP Release 16],question 2293,Standards overview,16,True,True,Option 4,option 4,option 4,415
Which performance criterion is used to minimize cell congestion in the Evolved Packet System? [3GPP Release 17],question 2296,Standards specifications,17,True,True,Option 4,option 4,option 4,416
What does the UE do when 3GPP PS Data Off is activated? [3GPP Release 18],question 2310,Standards specifications,18,True,True,Option 4,option 4,option 4,417
What does SL DRX stand for in the context of NR Sidelink? [3GPP Release 17],question 2320,Standards overview,17,True,True,Option 4,option 4,option 4,418
What type of information is transferred in the TL-Container? [3GPP Release 18],question 2326,Standards specifications,18,True,True,Option 4,option 4,option 4,419
What is the purpose of the work item related to group based enhancements in the network capability exposure functions? [3GPP Release 14],question 2337,Standards specifications,14,False,True,Option 3,option 1,option 1,420
Which error sources are studied for timing-based positioning methods? [3GPP Release 18],question 2347,Standards specifications,18,True,True,Option 4,option 4,option 4,421
What is the responsibility of the NG-RAN regarding the maximum UP integrity protection data rate? [3GPP Release 18],question 2352,Standards specifications,18,False,False,Option 2,option 4,option 3,422
How is the SCG of the UE suspended in RRC_INACTIVE state? [3GPP Release 17],question 2355,Standards specifications,17,False,False,Option 1,option 1,option 5,423
What is Non-Seamless WLAN offload (NSWO) in the context of 5GS? [3GPP Release 17],question 2357,Standards overview,17,True,True,Option 2,option 2,option 2,424
What type of measurements does the Performance Measurement Function (PMF) support for ATSSS-LL functionality? [3GPP Release 16],question 2358,Standards overview,16,False,True,Option 2,option 5,option 5,425
Which IE includes the sidelink pre-configured parameters used for NR sidelink communication? [3GPP Release 17],question 2365,Standards specifications,17,True,True,Option 1,option 1,option 1,426
What authentication method does the 5G system support for legacy non-3GPP devices accessing a 5G LAN-VN? [3GPP Release 17],question 2367,Standards specifications,17,False,False,Option 4,option 4,option 3,427
What does the Work Item for eMBMS enhancements address? [3GPP Release 14],question 2370,Standards specifications,14,False,True,Option 1,option 2,option 2,428
What is the purpose of N4 session management procedures? [3GPP Release 18],question 2380,Standards specifications,18,False,True,Option 3,option 2,option 2,429
What are the power components recommended to be considered for RRM measurement power saving evaluation in the CONNECTED state? [3GPP Release 16],question 2382,Standards specifications,16,False,False,Option 2,option 2,option 5,430
When are the 3GPP Data Off Exempt Services enforced in the IMS domain? [3GPP Release 18],question 2386,Standards specifications,18,True,True,Option 4,option 4,option 4,431
Which entities are dedicated for interworking between 5GS and EPC? [3GPP Release 18],question 2396,Standards specifications,18,False,False,Option 1,option 3,option 2,432
What does the feature 'Enhancements to LTE operation in unlicensed spectrum' enable? [3GPP Release 15],question 2397,Standards overview,15,True,True,Option 4,option 4,option 4,433
What is the maximum tolerable packet loss rate for reliability of V2X application messages? [3GPP Release 17],question 2404,Standards specifications,17,False,True,Option 1,option 4,option 4,434
What is the function of the Home Subscriber Server (HSS)? [3GPP Release 17],question 2408,Standards specifications,17,False,False,Option 2,option 4,option 1,435
What should a 5G Visited Mobile Network have in order to allow a UE with a 5G subscription to roam into it? [3GPP Release 17],question 2414,Standards specifications,17,True,True,Option 1,option 1,option 1,436
What is the definition of in-channel selectivity (ICS)? [3GPP Release 18],question 2430,Standards specifications,18,False,True,Option 1,option 3,option 3,437
What is the relative increase in free space path loss from 43.5 GHz to 48.2 GHz? [3GPP Release 18],question 2432,Standards specifications,18,False,True,Option 4,option 2,option 2,438
What location information can be provided in the request for QoS Sustainability analytics? [3GPP Release 18],question 2443,Standards specifications,18,True,True,Option 5,option 5,option 5,439
What are the supported functionality of the RN? [3GPP Release 17],question 2455,Standards specifications,17,True,True,Option 1,option 1,option 1,440
What is the definition of OTA occupied bandwidth? [3GPP Release 18],question 2456,Standards specifications,18,True,True,Option 4,option 4,option 4,441
What is considered for evaluation purpose in the energy consumption modeling for a BS? [3GPP Release 18],question 2461,Standards specifications,18,True,True,Option 4,option 4,option 4,442
What is the purpose of the Signalling gateway function? [3GPP Release 17],question 2467,Standards specifications,17,True,True,Option 1,option 1,option 1,443
What is the purpose of the extended work item on 8K Television over 5G? [3GPP Release 17],question 2471,Standards overview,17,True,True,Option 1,option 1,option 1,444
"In supporting an MA PDU Session, what does Rel-17 enable in terms of 3GPP access over EPC? [3GPP Release 17]",question 2474,Standards overview,17,True,False,Option 2,option 1,option 2,445
What is the purpose of the NG-C interface in the NG-RAN architecture? [3GPP Release 18],question 2477,Standards specifications,18,True,True,Option 2,option 2,option 2,446
What are the system properties required for 5G systems to be suitable for automation in vertical domains? [3GPP Release 19],question 2480,Standards specifications,19,True,True,Option 5,option 5,option 5,447
What is the format of the UE Radio Capability ID? [3GPP Release 16],question 2483,Standards overview,16,True,True,Option 3,option 3,option 3,448
Which feature in Rel-16 allows transmission of uplink data payload using preconfigured uplink resources? [3GPP Release 16],question 2487,Standards overview,16,True,True,Option 3,option 3,option 3,449
What is the purpose of contention window adjustment procedures for UL transmissions? [3GPP Release 17],question 2488,Standards specifications,17,False,True,Option 4,option 5,option 5,450
What is the release condition for SIPTO@LN PDN connection after handover with a stand-alone gateway? [3GPP Release 17],question 2491,Standards specifications,17,True,True,Option 5,option 5,option 5,451
What is EC-GSM-IoT? [3GPP Release 14],question 2493,Standards overview,14,True,False,Option 1,option 3,option 1,452
What does the term 'user perception' refer to in the context of downlink parallel transfer of the same content via broadcast/multicast and/or unicast? [3GPP Release 17],question 2494,Standards specifications,17,True,True,Option 2,option 2,option 2,453
What does the UE do if it receives an RRC message on DCCH or CCCH that does not include a mandatory field? [3GPP Release 17],question 2507,Standards specifications,17,False,True,Option 3,option 1,option 1,454
How does a UE determine the number of PSFCH resources available for multiplexing control information? [3GPP Release 17],question 2508,Standards specifications,17,False,True,Option 1,option 4,option 4,455
What is the purpose of the MARCOM feature? [3GPP Release 16],question 2509,Standards overview,16,True,True,Option 4,option 4,option 4,456
What is the average cable loss per meter at 48.2 GHz? [3GPP Release 18],question 2510,Standards specifications,18,True,True,Option 1,option 1,option 1,457
What is required for SRS bandwidth aggregation from RRM perspective? [3GPP Release 18],question 2518,Standards specifications,18,True,True,Option 2,option 2,option 2,458
What is the purpose of N19-based traffic forwarding? [3GPP Release 18],question 2523,Standards specifications,18,False,False,Option 5,option 3,option 1,459
What can the NW configure for NES-capable UEs? [3GPP Release 18],question 2533,Standards specifications,18,False,False,Option 4,option 4,option 3,460
What is the polarization of a single polarized antenna? [3GPP Release 17],question 2537,Standards specifications,17,False,False,Option 1,option 4,option 2,461
"In Rel-17, enhancements are made to several SEAL services. Which of the following is NOT an enhancement to SEAL services in Rel-17? [3GPP Release 17]",question 2561,Standards overview,17,False,True,Option 3,option 4,option 4,462
Which interface provides non-guaranteed delivery of user plane PDUs between the NG-RAN node and the UPF? [3GPP Release 18],question 2562,Standards specifications,18,True,True,Option 3,option 3,option 3,463
Which protocol sublayer is responsible for maintaining the PDCP sequence numbers? [3GPP Release 18],question 2581,Standards specifications,18,True,True,Option 3,option 3,option 3,464
What problem can occur with the current paging procedures in 5G networks? [3GPP Release 17],question 2582,Standards specifications,17,True,True,Option 4,option 4,option 4,465
What is the purpose of the Flow Based Charging (FBC) in 5G? [3GPP Release 15],question 2590,Standards overview,15,False,False,Option 3,option 2,option 4,466
What is TRS used for in TRS occasions? [3GPP Release 17],question 2596,Standards specifications,17,True,True,Option 4,option 4,option 4,467
"In the NWDAF providing PDU Session traffic analytics, who requests or subscribes to the NWDAF? [3GPP Release 18]",question 2608,Standards specifications,18,True,True,Option 3,option 3,option 3,468
What is the purpose of UICC applications? [3GPP Release 18],question 2612,Standards specifications,18,True,True,Option 2,option 2,option 2,469
What message does the gNB-CU send to establish the UE context in the gNB-DU? [3GPP Release 17],question 2614,Standards specifications,17,True,True,Option 3,option 3,option 3,470
What is the purpose of the Beam Peak Search Grid? [3GPP Release 18],question 2633,Standards specifications,18,True,True,Option 3,option 3,option 3,471
What does the feature Scheduling of multiple DL/UL transport blocks with single DCI allow? [3GPP Release 16],question 2638,Standards overview,16,True,False,Option 5,option 2,option 5,472
When does the gNB request the UE UTRA-FDD capabilities? [3GPP Release 18],question 2640,Standards specifications,18,True,True,Option 2,option 2,option 2,473
What is the main function of a Radio Network Controller (RNC)? [3GPP Release 17],question 2652,Standards specifications,17,False,False,Option 4,option 4,option 1,474
"In online charging without reservation, what happens if the OCS rejects the resource usage request? [3GPP Release 18]",question 2654,Standards specifications,18,True,True,Option 1,option 1,option 1,475
Which procedures are impacted by MUSIM according to TS 23.502 and TS 23.401? [3GPP Release 17],question 2659,Standards overview,17,True,True,Option 4,option 4,option 4,476
What control mechanism allows/prevents UEs from accessing the network based on their capabilities? [3GPP Release 18],question 2666,Standards specifications,18,False,False,Option 2,option 2,option 3,477
What is the purpose of the work item on Enhanced LAA for LTE? [3GPP Release 14],question 2672,Standards specifications,14,True,True,Option 1,option 1,option 1,478
What actions can a UE take based on the recommended bitrate from the eNB? [3GPP Release 14],question 2699,Standards overview,14,True,True,Option 5,option 5,option 5,479
What is the purpose of Discontinuous Reception (DRX) in idle mode? [3GPP Release 17],question 2708,Standards specifications,17,True,True,Option 2,option 2,option 2,480
What parameters are specified for MBS broadcast MTCH configurations? [3GPP Release 17],question 2716,Standards specifications,17,True,True,Option 4,option 4,option 4,481
Which technology can be used for the connection between the Evolved ProSe Remote UE and the Evolved ProSe UE-to-Network Relay? [3GPP Release 17],question 2718,Standards specifications,17,True,True,Option 3,option 3,option 3,482
When can a UE transmit new data in LTE if there is new data arrival? [3GPP Release 18],question 2728,Standards specifications,18,False,True,Option 1,option 2,option 2,483
When is a default DRB used? [3GPP Release 18],question 2742,Standards specifications,18,True,True,Option 2,option 2,option 2,484
How do schedulers assign resources between UEs in MAC in gNB? [3GPP Release 17],question 2745,Standards specifications,17,True,True,Option 3,option 3,option 3,485
What are the supported sidelink resource allocation modes? [3GPP Release 17],question 2751,Standards specifications,17,True,True,Option 1,option 1,option 1,486
What is the purpose of Multimedia Priority Service Modifications? [3GPP Release 14],question 2758,Standards specifications,14,True,True,Option 4,option 4,option 4,487
What is invocation in the context of the LCS client? [3GPP Release 17],question 2763,Standards specifications,17,True,True,Option 3,option 3,option 3,488
How is the assistance information made available to the UE in UE-Assisted location services? [3GPP Release 17],question 2767,Standards specifications,17,False,True,Option 1,option 2,option 2,489
What mechanisms provide priority to QoS Flows established for sessions during periods of extreme overload? [3GPP Release 18],question 2771,Standards specifications,18,False,True,Option 5,option 2,option 2,490
What is the purpose of the SGNB ADDITION REQUEST message? [3GPP Release 17],question 2779,Standards specifications,17,True,True,Option 2,option 2,option 2,491
How does a Multi-USIM UE modify the timing of paging occasions in 5GS? [3GPP Release 17],question 2782,Standards overview,17,False,False,Option 1,option 5,option 2,492
What is the purpose of the periodic CSI-RS resource configuration indexes? [3GPP Release 17],question 2783,Standards specifications,17,False,False,Option 2,option 3,option 1,493
How is the starting position of a bandwidth part defined? [3GPP Release 17],question 2788,Standards specifications,17,False,False,Option 1,option 1,option 4,494
What are the areas covered in the eV2X work of Rel-15 to enhance 3GPP support for V2X scenarios? [3GPP Release 15],question 2793,Standards overview,15,True,True,Option 4,option 4,option 4,495
What is the purpose of local breakout in the Evolved Packet System? [3GPP Release 17],question 2812,Standards specifications,17,True,True,Option 1,option 1,option 1,496
What architectural or protocol changes are expected to have minimum impact on the 5G system? [3GPP Release 17],question 2821,Standards specifications,17,True,False,Option 1,option 4,option 1,497
What happens when the AF requests EAS rediscovery for impacted applications in HR-SBO context? [3GPP Release 18],question 2824,Standards specifications,18,True,True,Option 1,option 1,option 1,498
What is the purpose of timing resiliency in a 5G system? [3GPP Release 17],question 2830,Standards specifications,17,True,True,Option 1,option 1,option 1,499
What is the purpose of NWDAF in the 5G system architecture? [3GPP Release 18],question 2835,Standards specifications,18,False,False,Option 3,option 3,option 1,500
What is the purpose of Extended Access Barring? [3GPP Release 18],question 2841,Standards specifications,18,True,True,Option 1,option 1,option 1,501
What happens when the UE applies a zero value for a timer? [3GPP Release 17],question 2845,Standards specifications,17,True,True,Option 1,option 1,option 1,502
What are the 3GPP PS Data Off Exempt Services? [3GPP Release 18],question 2858,Standards specifications,18,True,True,Option 3,option 3,option 3,503
What is the purpose of the N5CW device in the control plane for trusted WLAN access? [3GPP Release 18],question 2859,Standards specifications,18,False,True,Option 1,option 2,option 2,504
What is the purpose of Real-Time Text conversation? [3GPP Release 18],question 2866,Standards specifications,18,True,True,Option 3,option 3,option 3,505
What is the purpose of the Network Slice AS Group (NSAG)? [3GPP Release 17],question 2874,Standards overview,17,True,True,Option 4,option 4,option 4,506
What is the purpose of the prohibit timer in the network? [3GPP Release 14],question 2891,Standards overview,14,True,True,Option 3,option 3,option 3,507
What factors are considered when deciding on service delivery? [3GPP Release 18],question 2898,Standards specifications,18,False,False,Option 5,option 5,option 4,508
What is the purpose of the sub-frame structure in V2V communications? [3GPP Release 14],question 2908,Standards overview,14,True,True,Option 1,option 1,option 1,509
What is the purpose of credit pooling in charging? [3GPP Release 18],question 2917,Standards specifications,18,True,True,Option 2,option 2,option 2,510
What does the NEF (PFDF) send in response to the SMF after PFD retrieval? [3GPP Release 18],question 2924,Standards specifications,18,True,True,Option 4,option 4,option 4,511
How are network nodes and NG-RAN configured with Disaster Condition? [3GPP Release 17],question 2931,Standards overview,17,True,True,Option 1,option 1,option 1,512
What is the purpose of User Plane Security Enforcement information? [3GPP Release 18],question 2936,Standards specifications,18,False,True,Option 2,option 5,option 5,513
How do non-supporting UEs handle the broadcast system information in a shared network? [3GPP Release 17],question 2947,Standards specifications,17,False,False,Option 3,option 2,option 4,514
In which scenario is the UL CL/BP UPF and L-PSA UPF co-located in the single V-UPF? [3GPP Release 18],question 2962,Standards specifications,18,True,True,Option 1,option 1,option 1,515
What is the purpose of the UEAssistanceInformationSidelink message? [3GPP Release 17],question 2964,Standards specifications,17,True,True,Option 4,option 4,option 4,516
How many blind physical layer transmissions are required in the new coverage class mapping for EC operation? [3GPP Release 14],question 2966,Standards overview,14,True,True,Option 2,option 2,option 2,517
What does the QoE measurement configuration received from OAM or CN encapsulated in? [3GPP Release 14],question 2977,Standards specifications,14,False,False,Option 1,option 3,option 5,518
What is the measure of modulation quality for NB-IoT? [3GPP Release 18],question 2987,Standards specifications,18,True,True,Option 1,option 1,option 1,519
What is the purpose of bundle frequency hopping in the LTE network? [3GPP Release 14],question 2991,Standards overview,14,True,True,Option 4,option 4,option 4,520
"When the user profile is changed in the UDM/UDR and affects the user profile in the AMF, how does the UDM notify the affected AMF? [3GPP Release 18]",question 2995,Standards specifications,18,True,True,Option 1,option 1,option 1,521
"What is the purpose of the Access Traffic Steering, Switching and Splitting (ATSS) feature in 5G networks? [3GPP Release 17]",question 2998,Standards overview,17,False,True,Option 4,option 1,option 1,522
How are MCCH transmissions and associated radio resources indicated to the UE? [3GPP Release 17],question 3004,Standards specifications,17,True,True,Option 3,option 3,option 3,523
Which message is used for the indication of measurement results of NR sidelink? [3GPP Release 17],question 3012,Standards specifications,17,True,True,Option 4,option 4,option 4,524
What is the reference condition for the SAN total power dynamic range? [3GPP Release 18],question 3015,Standards specifications,18,True,True,Option 1,option 1,option 1,525
What is the purpose of the Network Data Analytics Function (NWDAF)? [3GPP Release 17],question 3022,Standards overview,17,True,True,Option 3,option 3,option 3,526
What type of data security and privacy methods does the 5G system support? [3GPP Release 17],question 3024,Standards specifications,17,True,True,Option 2,option 2,option 2,527
What is the value of SCSREFSENS used in the Noc methodology? [3GPP Release 18],question 3030,Standards specifications,18,False,True,Option 3,option 1,option 1,528
What is the purpose of the Evolution to and Interworking with eCall in IMS work item? [3GPP Release 14],question 3034,Standards overview,14,True,True,Option 4,option 4,option 4,529
How does the RNC indicate the UE selected core network operator to the CN for supporting UEs? [3GPP Release 17],question 3046,Standards specifications,17,False,False,Option 5,option 1,option 3,530
What is a requirement for ProSe Discovery to determine whether other ProSe-enabled UEs are of interest to a discovering ProSe-enabled UE? [3GPP Release 17],question 3051,Standards specifications,17,False,True,Option 1,option 3,option 3,531
What does NWDAF stand for? [3GPP Release 18],question 3061,Standards specifications,18,True,True,Option 3,option 3,option 3,532
Which identity is used for filtering of packets at the physical layer of the receiver in NR sidelink communication? [3GPP Release 18],question 3062,Standards specifications,18,False,True,Option 4,option 3,option 3,533
What do the reference architectures for supporting Edge Computing in 5GS build upon? [3GPP Release 18],question 3066,Standards specifications,18,False,True,Option 2,option 4,option 4,534
What does the management service producer responsible for DV measurement control allow its authorized consumer to do? [3GPP Release 18],question 3068,Standards specifications,18,False,True,Option 2,option 3,option 3,535
What is the purpose of the QFI in the downlink? [3GPP Release 18],question 3070,Standards specifications,18,True,True,Option 1,option 1,option 1,536
When does a UE start and stop PDCCH monitoring according to search space sets with different group indexes? [3GPP Release 17],question 3072,Standards specifications,17,False,False,Option 1,option 3,option 5,537
Under what conditions can the target UE be positioned? [3GPP Release 17],question 3074,Standards specifications,17,True,True,Option 4,option 4,option 4,538
What does a control-resource set consist of? [3GPP Release 17],question 3085,Standards specifications,17,False,True,Option 4,option 2,option 2,539
What were the RF requirements introduced in TS 36.101 for new CA scenarios? [3GPP Release 15],question 3088,Standards overview,15,True,True,Option 1,option 1,option 1,540
Which security procedure is used for RRC and UP security algorithms negotiation and RRC security activation? [3GPP Release 18],question 3099,Standards specifications,18,True,True,Option 3,option 3,option 3,541
Which power states are considered in the power consumption model for a BS? [3GPP Release 18],question 3100,Standards specifications,18,True,True,Option 3,option 3,option 3,542
What information is incorporated into the CDRs produced by IMS network elements for inter operator accounting purposes? [3GPP Release 18],question 3103,Standards specifications,18,False,False,Option 1,option 3,option 2,543
Which position accuracy can be achieved using carrier phase measurements in NR carrier phase positioning? [3GPP Release 18],question 3106,Standards specifications,18,True,True,Option 3,option 3,option 3,544
What does the NEF (PFDF) do after determining whether to create/update/delete PFDs? [3GPP Release 18],question 3108,Standards specifications,18,False,False,Option 4,option 4,option 2,545
When does the need for NG-RAN to continue reporting the UE's location cease? [3GPP Release 18],question 3117,Standards specifications,18,True,False,Option 1,option 2,option 1,546
What does BA configuration in the UE mean? [3GPP Release 18],question 3122,Standards specifications,18,True,True,Option 2,option 2,option 2,547
What does the ChannelAccess-CPext field indicate in Type-2 random access procedure for operation with shared spectrum channel access in FR1? [3GPP Release 17],question 3126,Standards specifications,17,False,True,Option 2,option 4,option 4,548
What is the purpose of the charging extensions in the feature related to WLAN access in EPC? [3GPP Release 15],question 3139,Standards overview,15,True,True,Option 3,option 3,option 3,549
What conditions must be met for voice call continuity during emergency calls? [3GPP Release 18],question 3143,Standards specifications,18,False,False,Option 2,option 2,option 1,550
What are the types of analytics that the NF can request in the Nnwdaf_AnalyticsSubscription_Subscribe Request? [3GPP Release 18],question 3178,Standards specifications,18,True,True,Option 3,option 3,option 3,551
What does the NG-RAN do immediately following step 1a of the Connection Inactive procedure? [3GPP Release 18],question 3189,Standards specifications,18,False,False,Option 2,option 2,option 1,552
What are the key functionalities of MDT enhancement? [3GPP Release 17],question 3196,Standards overview,17,True,True,Option 4,option 4,option 4,553
Who decides on the service delivery in a roaming scenario? [3GPP Release 18],question 3216,Standards specifications,18,False,False,Option 1,option 4,option 3,554
What role can the 3GPP network play in the selection of an Evolved ProSe UE-to-Network Relay? [3GPP Release 17],question 3218,Standards specifications,17,True,True,Option 5,option 5,option 5,555
What is one major limitation of Release 15 in 5GC that Release 16 Network Slicing addresses? [3GPP Release 16],question 3222,Standards overview,16,False,False,Option 2,option 2,option 1,556
What happens if a UE wants to access the 5GS and is configured for Extended Access Barring (EAB)? [3GPP Release 18],question 3234,Standards specifications,18,True,True,Option 1,option 1,option 1,557
What is the purpose of Ethernet Header Compression (EHC) in the support of NR Industrial Internet of Things? [3GPP Release 16],question 3235,Standards overview,16,True,True,Option 1,option 1,option 1,558
What controls the additional behavior of the SMF for 3GPP PS Data Off? [3GPP Release 18],question 3236,Standards specifications,18,False,False,Option 2,option 2,option 1,559
What is the purpose of the S8HR architecture for VoLTE roaming? [3GPP Release 14],question 3249,Standards overview,14,False,False,Option 1,option 1,option 4,560
What is the purpose of Network Broadcast Geographic Area Coverage Management? [3GPP Release 18],question 3251,Standards specifications,18,True,True,Option 3,option 3,option 3,561
How can UE power saving be enabled by relaxing measurements for RLM/BFD? [3GPP Release 17],question 3256,Standards overview,17,False,False,Option 1,option 1,option 3,562
What does SN-DU indicate in the UE CONTEXT SETUP RESPONSE message if SCG activation is requested? [3GPP Release 17],question 3259,Standards specifications,17,True,True,Option 2,option 2,option 2,563
What is the definition of OTA Adjacent Channel Leakage Power Ratio (ACLR)? [3GPP Release 18],question 3265,Standards specifications,18,True,True,Option 4,option 4,option 4,564
Which flow directions should have configurable absolute cyclic time boundaries for infrastructure dedicated to high performance Ethernet applications? [3GPP Release 19],question 3270,Standards specifications,19,True,True,Option 3,option 3,option 3,565
What should happen to the traffic on a cell in energy saving state? [3GPP Release 18],question 3271,Standards specifications,18,True,True,Option 1,option 1,option 1,566
What services can modify the originating network's caller identity information? [3GPP Release 17],question 3273,Standards specifications,17,True,True,Option 2,option 2,option 2,567
What is the purpose of CC5 in the 3GPP release 14? [3GPP Release 14],question 3281,Standards overview,14,False,True,Option 1,option 5,option 5,568
Which feature enhances the granularity of RSTD reporting? [3GPP Release 14],question 3284,Standards specifications,14,False,True,Option 3,option 5,option 5,569
What is the purpose of the IM-GSN in a GLR-equipped VPLMN? [3GPP Release 17],question 3294,Standards specifications,17,False,False,Option 1,option 1,option 3,570
What is the impact of mobility between a 5G core network and an EPC (4G) on the user experience? [3GPP Release 15],question 3297,Standards overview,15,False,False,Option 1,option 1,option 3,571
Which specification defines Lawful Interception functionality? [3GPP Release 18],question 3309,Standards specifications,18,False,False,Option 2,option 3,option 4,572
How can the lists of 3GPP PS Data Off Exempt Services be provided to the UEs? [3GPP Release 18],question 3312,Standards specifications,18,False,True,Option 4,option 2,option 2,573
"In addition to 5G-based Ethernet links, what other ethernet transports should the 3GPP system support clock synchronization for high performance Ethernet applications? [3GPP Release 19]",question 3316,Standards specifications,19,False,False,Option 3,option 3,option 4,574
What is the purpose of the NotificationMessageSidelink message? [3GPP Release 17],question 3318,Standards specifications,17,True,True,Option 5,option 5,option 5,575
How does a UE determine the number of repetitions and MCS for a PUSCH transmission scheduled by a RAR UL grant? [3GPP Release 17],question 3319,Standards specifications,17,True,True,Option 3,option 3,option 3,576
What is the purpose of the Nmfaf_3caDataManagement_Fetch service operation? [3GPP Release 18],question 3336,Standards specifications,18,True,True,Option 4,option 4,option 4,577
In which case is the HARQ-ACK message transmitted on PUCCH? [3GPP Release 17],question 3342,Standards specifications,17,False,False,Option 1,option 1,option 2,578
What does TsteeringWLAN represent? [3GPP Release 17],question 3349,Standards specifications,17,True,True,Option 1,option 1,option 1,579
How does the UE determine the p0-PUCCH-Value value if it is not provided any of pdsch-HARQ-ACK-Codebook? [3GPP Release 17],question 3352,Standards specifications,17,False,False,Option 5,option 5,option 3,580
What does TSC stand for in the context of integration with IEEE TSN? [3GPP Release 16],question 3358,Standards overview,16,False,True,Option 1,option 4,option 4,581
"Does a UE support a secure mechanism for the home operator to disallow selection of one or more of its radio technologies, regardless of PLMNs? [3GPP Release 18]",question 3367,Standards specifications,18,True,True,Option 1,option 1,option 1,582
"Under high network load conditions, how does the network protect itself? [3GPP Release 18]",question 3377,Standards specifications,18,True,False,Option 1,option 4,option 1,583
How are charges for roaming traffic settled between operators? [3GPP Release 18],question 3385,Standards specifications,18,True,True,Option 1,option 1,option 1,584
How does the NWDAF collect input information for PDU Session traffic analytics? [3GPP Release 18],question 3387,Standards specifications,18,True,True,Option 3,option 3,option 3,585
What is the purpose of the N2 interface in 5G-AN and 5G Core? [3GPP Release 18],question 3388,Standards specifications,18,True,True,Option 5,option 5,option 5,586
Which power saving scheme can potentially reduce the UE power consumption by reducing the number of PDCCH blind decoding? [3GPP Release 16],question 3389,Standards specifications,16,True,True,Option 2,option 2,option 2,587
How does the NWDAF provide new analytics to the NF in continuous reporting? [3GPP Release 18],question 3391,Standards specifications,18,False,False,Option 2,option 5,option 1,588
What are the optional inputs for the Nadrf_DataManagement_StorageRequest service operation? [3GPP Release 18],question 3392,Standards specifications,18,False,True,Option 2,option 5,option 5,589
What happens if non-SDT data appears in a buffer during the SDT procedure? [3GPP Release 18],question 3397,Standards specifications,18,False,True,Option 3,option 2,option 2,590
Which service areas are considered for eMBB deployments in 5G? [3GPP Release 15],question 3399,Standards overview,15,True,True,Option 5,option 5,option 5,591
What is the interfering signal for the in-channel selectivity requirement? [3GPP Release 18],question 3405,Standards specifications,18,False,True,Option 4,option 3,option 3,592
Which specifications describe the access technologies offered by the BSS? [3GPP Release 17],question 3409,Standards specifications,17,False,False,Option 2,option 1,option 3,593
What is the purpose of a flexible and dynamic allocation of radio resources between unicast and multicast services within the network? [3GPP Release 17],question 3416,Standards specifications,17,True,True,Option 1,option 1,option 1,594
What is the definition of Radiated transmit power? [3GPP Release 18],question 3427,Standards specifications,18,True,True,Option 1,option 1,option 1,595
What does the LTE Measurement Gap Enhancement work item specify? [3GPP Release 14],question 3428,Standards specifications,14,False,True,Option 3,option 1,option 1,596
How should users be able to obtain service and use chargeable services with networks they have no direct commercial agreement with? [3GPP Release 18],question 3430,Standards specifications,18,True,True,Option 3,option 3,option 3,597
What does the demodulation enhancement feature in LTE enable the UE to do? [3GPP Release 14],question 3434,Standards specifications,14,False,False,Option 3,option 4,option 2,598
Which evaluation method is considered as the baseline? [3GPP Release 18],question 3439,Standards specifications,18,False,False,Option 3,option 3,option 2,599
What is the purpose of the New GPRS algorithms for EASE? [3GPP Release 14],question 3442,Standards specifications,14,True,True,Option 1,option 1,option 1,600
What is the typical height at which the BSs are mounted in the indoor scenario? [3GPP Release 18],question 3447,Standards specifications,18,False,False,Option 4,option 4,option 3,601
What happens when the BWP inactivity timer expires? [3GPP Release 18],question 3450,Standards specifications,18,True,True,Option 2,option 2,option 2,602
What is the purpose of the Wake-up signalling feature in NB-IoT? [3GPP Release 15],question 3451,Standards overview,15,True,True,Option 2,option 2,option 2,603
What information does IEAF need to determine the S-NSSAI for the AIML Application Service Provider? [3GPP Release 18],question 3459,Standards specifications,18,True,True,Option 3,option 3,option 3,604
What is the purpose of CDRs in offline charging? [3GPP Release 18],question 3465,Standards specifications,18,True,True,Option 5,option 5,option 5,605
What is the granularity of the 5GS TSN bridge? [3GPP Release 18],question 3466,Standards specifications,18,False,True,Option 3,option 1,option 1,606
Which of the following physical signals are used by the physical layer but do not carry information originating from higher layers? [3GPP Release 17],question 3473,Standards specifications,17,False,False,Option 4,option 1,option 3,607
Which protocol stack is used for the S5 interface? [3GPP Release 17],question 3474,Standards specifications,17,False,False,Option 4,option 4,option 5,608
What does the common charging architecture provide? [3GPP Release 18],question 3480,Standards specifications,18,True,True,Option 2,option 2,option 2,609
Which bearer option supports the SeNB being directly connected with the S-GW via S1-U? [3GPP Release 17],question 3483,Standards specifications,17,True,True,Option 2,option 2,option 2,610
What type of scenarios can be applied in the map-based hybrid model? [3GPP Release 17],question 3484,Standards specifications,17,True,True,Option 3,option 3,option 3,611
What is the purpose of the work item 5G_HYPOS? [3GPP Release 16],question 3488,Standards overview,16,False,False,Option 5,option 5,option 1,612
When is the Connection Resume procedure used by a UE? [3GPP Release 18],question 3519,Standards specifications,18,True,True,Option 1,option 1,option 1,613
What information triggers the activation or deactivation of access stratum time distribution for a UE? [3GPP Release 18],question 3527,Standards specifications,18,False,False,Option 4,option 4,option 3,614
What does the ground truth data represent? [3GPP Release 18],question 3530,Standards specifications,18,True,True,Option 2,option 2,option 2,615
What does CFI stand for? [3GPP Release 15],question 3531,Standards overview,15,True,True,Option 2,option 2,option 2,616
What is the purpose of segmentation of RRC messages? [3GPP Release 18],question 3543,Standards specifications,18,False,True,Option 2,option 4,option 4,617
When is the SN Modification Confirm message sent to the MN? [3GPP Release 17],question 3547,Standards specifications,17,False,False,Option 3,option 3,option 1,618
Which methodology was selected as the reference methodology for MIMO OTA testing in LTE? [3GPP Release 14],question 3552,Standards specifications,14,True,True,Option 1,option 1,option 1,619
What is the SNR used for simulation of REFSENS? [3GPP Release 18],question 3553,Standards specifications,18,False,True,Option 3,option 4,option 4,620
Which protocol(s) crossing the Rf reference point should support real-time transactions? [3GPP Release 18],question 3558,Standards specifications,18,False,False,Option 4,option 2,option 3,621
What is the definition of a resource unit for multi-tone NPUSCH with UL-SCH transmission? [3GPP Release 17],question 3559,Standards specifications,17,False,False,Option 4,option 5,option 3,622
How many radio frame structures are supported for downlink and uplink transmissions? [3GPP Release 17],question 3560,Standards specifications,17,False,True,Option 2,option 3,option 3,623
"If a location request fails due to barring, what happens? [3GPP Release 17]",question 3562,Standards specifications,17,True,True,Option 2,option 2,option 2,624
How are charges paid to the adjacent party in the settlement of charges? [3GPP Release 18],question 3569,Standards specifications,18,False,False,Option 2,option 2,option 5,625
What is the duration of radio frame structure type 1? [3GPP Release 17],question 3570,Standards specifications,17,True,False,Option 2,option 1,option 2,626
Which SAN classes are defined for SAN type 1-O and SAN type 1-H? [3GPP Release 18],question 3571,Standards specifications,18,True,False,Option 1,option 3,option 1,627
What does the 5G LAN VN group service charging specify? [3GPP Release 17],question 3572,Standards overview,17,False,False,Option 1,option 1,option 3,628
What does determinism refer to in communication? [3GPP Release 19],question 3579,Standards specifications,19,True,True,Option 1,option 1,option 1,629
Which services have high priority for support at the II-NNI? [3GPP Release 17],question 3584,Standards specifications,17,True,True,Option 5,option 5,option 5,630
What does the NWDAF notify in the procedure of providing PDU Session traffic analytics? [3GPP Release 18],question 3585,Standards specifications,18,False,False,Option 4,option 1,option 2,631
Which documents specify the information to be pre-configured or stored in USIM for Disaster Roaming service? [3GPP Release 17],question 3586,Standards overview,17,True,False,Option 1,option 5,option 1,632
What is the behavior of a half-duplex UE (HD-UE) in paired spectrum with regards to simultaneous transmissions and receptions? [3GPP Release 17],question 3591,Standards specifications,17,True,True,Option 3,option 3,option 3,633
What is the duration of a frame? [3GPP Release 17],question 3597,Standards specifications,17,False,False,Option 1,option 1,option 3,634
What information does a consumer of NWDAF analytics need to indicate in the request or subscription? [3GPP Release 18],question 3604,Standards specifications,18,True,True,Option 4,option 4,option 4,635
What is the relative increase in free space path loss from 43.5 GHz to 71 GHz? [3GPP Release 18],question 3605,Standards specifications,18,True,False,Option 4,option 3,option 4,636
What architecture is primarily used for MC service UE to obtain access to a MC service? [3GPP Release 14],question 3607,Standards overview,14,False,True,Option 1,option 2,option 2,637
Which enhancement is applicable to 'on-network' operation in MCPTT service? [3GPP Release 14],question 3608,Standards overview,14,False,True,Option 3,option 1,option 1,638
What information shall be provided to the LCS client? [3GPP Release 17],question 3615,Standards specifications,17,False,False,Option 4,option 4,option 1,639
What are the different types of EE KPIs in telecommunication networks? [3GPP Release 18],question 3628,Standards specifications,18,True,True,Option 5,option 5,option 5,640
What release cause is indicated when the UE fails the mobility from NR procedure? [3GPP Release 17],question 3630,Standards specifications,17,False,False,Option 4,option 4,option 3,641
What is the purpose of allocating UEs into different Access Classes? [3GPP Release 18],question 3634,Standards specifications,18,True,True,Option 5,option 5,option 5,642
What is the measure of power for DL RS power? [3GPP Release 18],question 3642,Standards specifications,18,True,True,Option 1,option 1,option 1,643
What does the UPF do in response to the N4 Session Establishment request from the SMF? [3GPP Release 18],question 3649,Standards specifications,18,True,False,Option 2,option 3,option 2,644
What happens if an SeNB change is performed within the coverage area of the MeNB towards another hybrid HeNB with the same CSG ID? [3GPP Release 17],question 3651,Standards specifications,17,True,True,Option 2,option 2,option 2,645
What does the UE generate as HARQ-ACK information when it correctly decodes a transport block? [3GPP Release 17],question 3657,Standards specifications,17,True,True,Option 3,option 3,option 3,646
What is the purpose of cyber-physical control applications in vertical domains? [3GPP Release 17],question 3664,Standards overview,17,True,True,Option 1,option 1,option 1,647
What is the purpose of intra-level correlation? [3GPP Release 18],question 3673,Standards specifications,18,True,True,Option 5,option 5,option 5,648
How is QoE measurement collection activated? [3GPP Release 18],question 3679,Standards specifications,18,True,True,Option 3,option 3,option 3,649
What does the NEF check before performing a PFD management request? [3GPP Release 18],question 3688,Standards specifications,18,True,True,Option 4,option 4,option 4,650
What is the requirement for interruption time during handover of RT and NRT services in the Evolved Packet System? [3GPP Release 17],question 3693,Standards specifications,17,True,False,Option 2,option 3,option 2,651
What UL BWP does a RedCap UE expect if its maximum UL BWP is smaller than the UL BWP indicated in UplinkConfigCommonSIB? [3GPP Release 17],question 3697,Standards specifications,17,True,True,Option 3,option 3,option 3,652
What message does the gNB-CU send to the AMF after receiving the UE CONTEXT SETUP REQUEST message? [3GPP Release 17],question 3701,Standards specifications,17,True,True,Option 4,option 4,option 4,653
How many DL HARQ processes are introduced for UEs supporting full-duplex FDD operation? [3GPP Release 14],question 3722,Standards overview,14,False,False,Option 8,option 2,option 3,654
What does PDCP packet duplication allow in LTE? [3GPP Release 18],question 3726,Standards specifications,18,True,True,Option 2,option 2,option 2,655
What codec should be preferred over a narrowband codec during codec negotiation? [3GPP Release 17],question 3727,Standards specifications,17,True,True,Option 1,option 1,option 1,656
What is the capacity of Cell-ID in an eNB? [3GPP Release 14],question 3740,Standards specifications,14,False,False,Option 1,option 3,option 4,657
What triggers AF-requested Edge Relocation? [3GPP Release 18],question 3742,Standards specifications,18,True,True,Option 3,option 3,option 3,658
What is the purpose of fraud and cost control mechanisms in the context of roaming agreements? [3GPP Release 18],question 3744,Standards specifications,18,True,True,Option 2,option 2,option 2,659
How can a UE be indicated to transmit a PSFCH with HARQ-ACK information? [3GPP Release 17],question 3751,Standards specifications,17,False,False,Option 2,option 2,option 4,660
Where are the security aspects on the UE authentication during the authentication procedure specified? [3GPP Release 17],question 3761,Standards overview,17,True,True,Option 3,option 3,option 3,661
How is the carrier frequency designated in the uplink and downlink? [3GPP Release 18],question 3766,Standards specifications,18,True,True,Option 2,option 2,option 2,662
What is the minimum cell throughput capacity required on DL in the 5G system? [3GPP Release 17],question 3783,Standards specifications,17,False,True,Option 3,option 1,option 1,663
What modulation schemes are used for the downlink physical-layer processing? [3GPP Release 17],question 3785,Standards specifications,17,True,True,Option 1,option 1,option 1,664
What is the purpose of the Work Item 'Enhancement of Private Network support for NG-RAN'? [3GPP Release 17],question 3787,Standards overview,17,False,False,Option 4,option 4,option 5,665
What is the main purpose of the 5G system in supporting cyber-physical control applications using wireless indirect network connection? [3GPP Release 19],question 3788,Standards specifications,19,False,False,Option 3,option 3,option 2,666
"When a UE performs simultaneous SL and UL transmissions, which link has higher priority? [3GPP Release 17]",question 3793,Standards specifications,17,False,False,Option 3,option 3,option 4,667
Which identity is used to control the power of SRS? [3GPP Release 17],question 3794,Standards specifications,17,True,True,Option 4,option 4,option 4,668
What is the purpose of redundant transmission for high reliability communication in URLLC? [3GPP Release 18],question 3806,Standards specifications,18,True,True,Option 1,option 1,option 1,669
Which field is ignored by UEs supporting crs-IntfMitig while crs-IntfMitigEnabled is included in SIB1? [3GPP Release 17],question 3813,Standards specifications,17,False,False,Option 3,option 3,option 4,670
What is the purpose of the high-speed interface between the UICC and the ME? [3GPP Release 18],question 3816,Standards specifications,18,True,True,Option 4,option 4,option 4,671
What does the physical layer interface in the LTE radio interface protocol architecture? [3GPP Release 17],question 3819,Standards specifications,17,False,True,Option 4,option 1,option 1,672
What does a UE configured for operation in bandwidth parts (BWPs) receive from higher layers? [3GPP Release 17],question 3822,Standards specifications,17,True,True,Option 3,option 3,option 3,673
What is the function of the DeNB in the architecture supporting RNs? [3GPP Release 17],question 3825,Standards specifications,17,True,True,Option 3,option 3,option 3,674
Which physical channels are defined in the downlink? [3GPP Release 17],question 3828,Standards specifications,17,True,True,Option 3,option 3,option 3,675
What does the I-SMF Context Transfer procedure involve? [3GPP Release 18],question 3836,Standards specifications,18,False,True,Option 1,option 5,option 5,676
What is the purpose of providing an ID in NAS signalling that represents a UE's radio capabilities? [3GPP Release 18],question 3837,Standards specifications,18,False,True,Option 4,option 2,option 2,677
What are the three typical traffic classes or communication patterns in industrial environments? [3GPP Release 19],question 3841,Standards specifications,19,True,True,Option 1,option 1,option 1,678
What is the indication for a restriction on emergency calls? [3GPP Release 17],question 3844,Standards specifications,17,False,False,Option 1,option 1,option 5,679
What is the purpose of the EEC Context ID? [3GPP Release 18],question 3845,Standards specifications,18,False,True,Option 1,option 5,option 5,680
What does the feature 'Enhanced status (on-network)' enable for the MCData service? [3GPP Release 15],question 3846,Standards overview,15,True,True,Option 3,option 3,option 3,681
What basic requirements are supported for MMS? [3GPP Release 18],question 3847,Standards specifications,18,True,True,Option 2,option 2,option 2,682
What is the purpose of EAS Relocation on Release 16 capabilities? [3GPP Release 18],question 3853,Standards specifications,18,False,False,Option 3,option 3,option 4,683
How does the UE report a change in its 3GPP PS Data Off status? [3GPP Release 18],question 3854,Standards specifications,18,False,True,Option 1,option 3,option 3,684
Which sublayer is responsible for routing and next-hop determination on the backhaul link? [3GPP Release 18],question 3857,Standards specifications,18,False,True,Option 3,option 4,option 4,685
What is the purpose of the enhancements in the feature VoIMS via Trusted and Untrusted WLAN access? [3GPP Release 15],question 3871,Standards overview,15,True,True,Option 1,option 1,option 1,686
How does the NWDAF with accuracy checking capability decide to initiate analytics accuracy monitoring? [3GPP Release 18],question 3878,Standards specifications,18,True,True,Option 3,option 3,option 3,687
What is the inter RAT mobility characteristic of handover from E-UTRA to NR? [3GPP Release 17],question 3883,Standards specifications,17,False,False,Option 2,option 1,option 4,688
What does the dispatchable location accuracy refer to? [3GPP Release 17],question 3887,Standards specifications,17,True,False,Option 3,option 1,option 3,689
What does SIPTO@LN stand for? [3GPP Release 17],question 3906,Standards specifications,17,False,False,Option 3,option 3,option 2,690
What type of clock synchronization should the 3GPP system support across 5G-based Ethernet links with PDU-session type Ethernet? [3GPP Release 19],question 3909,Standards specifications,19,True,True,Option 1,option 1,option 1,691
What are the fundamental characteristics for QoS in the Streaming class? [3GPP Release 17],question 3917,Standards specifications,17,True,False,Option 1,option 2,option 1,692
What is the redundancy version number used for the initial transmission or autonomous retransmission of an initial transport block for a PUSCH transmission? [3GPP Release 17],question 3918,Standards specifications,17,False,False,Option 0,,option 1,693
Which 3GPP system entities are impacted by MUSIM? [3GPP Release 17],question 3920,Standards overview,17,True,True,Option 5,option 5,option 5,694
What does the UE do if it is unable to comply with any part of the configuration included in the MobilityFromNRCommand message? [3GPP Release 17],question 3928,Standards specifications,17,True,False,Option 1,option 4,option 1,695
What is the formula to compute the angle between the unit vectors of the GCS and the LCS? [3GPP Release 18],question 3931,Standards specifications,18,True,True,Option 1,option 1,option 1,696
What is specified in TS 24.588 related to V2X services? [3GPP Release 17],question 3937,Standards overview,17,False,False,Option 3,option 3,option 2,697
What does AMF Load Re-Balancing functionality allow? [3GPP Release 18],question 3938,Standards specifications,18,True,True,Option 4,option 4,option 4,698
What happens in the EAP-based Network Slice-Specific authentication procedure? [3GPP Release 16],question 3946,Standards overview,16,False,True,Option 2,option 3,option 3,699
What is the supported service type for QoE Measurement Collection? [3GPP Release 18],question 3954,Standards specifications,18,True,True,Option 4,option 4,option 4,700
Which CIoT features have been introduced in Rel-16? [3GPP Release 16],question 3957,Standards overview,16,True,True,Option 5,option 5,option 5,701
Which Work Item targets inter-cell interference cancellation in LTE? [3GPP Release 14],question 3962,Standards specifications,14,True,True,Option 3,option 3,option 3,702
What happens when a call undergoes voice call continuity and becomes barred in the target domain/system? [3GPP Release 18],question 3964,Standards specifications,18,False,False,Option 2,option 2,option 3,703
Does the 3GPP PS Data Off status affect data transfer over non-3GPP access? [3GPP Release 18],question 3965,Standards specifications,18,False,True,Option 3,option 2,option 2,704
What is the relationship between the spherical angles of the GCS and the LCS? [3GPP Release 18],question 3969,Standards specifications,18,True,True,Option 2,option 2,option 2,705
What does the Notification Control parameter indicate? [3GPP Release 18],question 3972,Standards specifications,18,True,True,Option 3,option 3,option 3,706
Which of the following principles apply when 5GS assists AI/ML operations in the application layer? [3GPP Release 18],question 3974,Standards specifications,18,True,True,Option 4,option 4,option 4,707
What is VarMeasConfig used for? [3GPP Release 17],question 3987,Standards specifications,17,True,True,Option 4,option 4,option 4,708
What is the minimum value of the uniformly distributed variables used for UMa and UMi-Street Canyon? [3GPP Release 18],question 3988,Standards specifications,18,True,False,Option 1,option 2,option 1,709
How are charges settled between the different parties involved in the registration link? [3GPP Release 18],question 4001,Standards specifications,18,False,True,Option 5,option 2,option 2,710
Which of the following is NOT a type of V2X application? [3GPP Release 17],question 4011,Standards specifications,17,False,True,Option 3,option 4,option 4,711
What determines the NF instances (AMF and SMF) serving a specific UE? [3GPP Release 18],question 4012,Standards specifications,18,True,True,Option 1,option 1,option 1,712
What is the purpose of Fixed Reception for TV services? [3GPP Release 18],question 4013,Standards specifications,18,True,True,Option 5,option 5,option 5,713
Which CDR types include the information about the selected or allocated core network operator? [3GPP Release 17],question 4019,Standards specifications,17,True,True,Option 1,option 1,option 1,714
What is the correlation function used to describe the autocorrelation of shadow fading? [3GPP Release 17],question 4029,Standards specifications,17,True,True,Option 3,option 3,option 3,715
What is the range of frequencies for the transmitter spurious emission limits? [3GPP Release 18],question 4033,Standards specifications,18,True,True,Option 1,option 1,option 1,716
What does the Nchf_ConvergedCharging service Create Operation achieve for SMS Charging in the 5G System Architecture Phase 1? [3GPP Release 15],question 4036,Standards overview,15,False,False,Option 3,option 3,option 1,717
When does the TSCTSF control the (g)PTP-based time synchronization service without AF request? [3GPP Release 18],question 4037,Standards specifications,18,False,False,Option 4,option 4,option 2,718
Which specification defines the overall 5GS Stage 2? [3GPP Release 15],question 4043,Standards overview,15,False,True,Option 1,option 4,option 4,719
What type of signal is used for wake-up in NB-IoT? [3GPP Release 17],question 4046,Standards specifications,17,False,True,Option 3,option 4,option 4,720
What is the purpose of the RedCap UE type? [3GPP Release 17],question 4047,Standards overview,17,True,True,Option 3,option 3,option 3,721
What are the objectives of the schemes introduced in the MUSIM work item for LTE/NR? [3GPP Release 17],question 4055,Standards overview,17,True,True,Option 5,option 5,option 5,722
What category do the V2X configuration parameters fall under? [3GPP Release 14],question 4058,Standards overview,14,True,True,Option 4,option 4,option 4,723
What is the purpose of indicating a VCC event in charging information? [3GPP Release 18],question 4063,Standards specifications,18,True,True,Option 1,option 1,option 1,724
What is the purpose of standardising service capabilities? [3GPP Release 18],question 4064,Standards specifications,18,True,True,Option 2,option 2,option 2,725
What kind of charging architecture does the 5G Data Connectivity domain charging rely on? [3GPP Release 15],question 4079,Standards overview,15,True,True,Option 1,option 1,option 1,726
What message is sent by the MS to the network to request the release of a GMM context? [3GPP Release 18],question 4081,Standards specifications,18,False,False,Option 2,option 2,option 1,727
How can the V2X Application Server address be determined for V2X communication over LTE-Uu? [3GPP Release 14],question 4082,Standards overview,14,False,True,Option 3,option 1,option 1,728
How does the UE negotiate with the AF for analytics subscription? [3GPP Release 18],question 4083,Standards specifications,18,False,True,Option 2,option 4,option 4,729
Which document specifies the MUSIM-specific rejection cause for EPS? [3GPP Release 17],question 4089,Standards overview,17,False,False,Option 1,option 3,option 5,730
Which document specifies the protocols for V2X authorization between the V2X Control Function and the HSS over the V4 interface? [3GPP Release 14],question 4090,Standards overview,14,False,True,Option 1,option 5,option 5,731
What is the purpose of file management in network management? [3GPP Release 17],question 4093,Standards overview,17,True,True,Option 1,option 1,option 1,732
What does the Scheduling request feature in NB-IoT allow a connected mode UE to do? [3GPP Release 15],question 4103,Standards overview,15,True,True,Option 3,option 3,option 3,733
What is used to carry HARQ feedback over the sidelink? [3GPP Release 17],question 4113,Standards specifications,17,False,True,Option 1,option 4,option 4,734
What does EARFCN stand for? [3GPP Release 18],question 4114,Standards specifications,18,True,True,Option 3,option 3,option 3,735
What are the required inputs for the Nadrf_DataManagement_RetrievalSubscribe service operation? [3GPP Release 18],question 4115,Standards specifications,18,True,True,Option 1,option 1,option 1,736
Which feature was introduced in Rel-15 to improve transmission reliability in Carrier Aggregation (CA) for mode-4? [3GPP Release 15],question 4117,Standards overview,15,False,False,Option 5,option 5,option 3,737
What is the granularity of the time reference provided by the network to end user equipment in LTE? [3GPP Release 18],question 4132,Standards specifications,18,True,False,Option 1,option 3,option 1,738
What is the purpose of the SDAP sublayer in Layer 2? [3GPP Release 17],question 4136,Standards specifications,17,True,True,Option 4,option 4,option 4,739
What are examples of management services that can be produced by an entity in a mobile network? [3GPP Release 17],question 4146,Standards specifications,17,False,False,Option 4,option 4,option 2,740
Can subscribers' access be restricted to only GERAN or UTRAN in a visited network that has not separated the Location/Routing area categories? [3GPP Release 18],question 4159,Standards specifications,18,True,True,Option 2,option 2,option 2,741
What additional function does the MME support in case of SIPTO@LN with stand-alone gateway? [3GPP Release 17],question 4181,Standards specifications,17,False,False,Option 3,option 3,option 5,742
What can the MDA MnS consumer expect from the MDA producer regarding the network context? [3GPP Release 17],question 4184,Standards specifications,17,False,True,Option 4,option 3,option 3,743
What is the purpose of user data congestion analytics? [3GPP Release 18],question 4186,Standards specifications,18,True,True,Option 3,option 3,option 3,744
Which layers are described in the 36.300 series? [3GPP Release 17],question 4200,Standards specifications,17,True,True,Option 2,option 2,option 2,745
Which SRB is used for RRC messages using the CCCH logical channel? [3GPP Release 17],question 4211,Standards specifications,17,True,True,Option 1,option 1,option 1,746
What are the main operations that can be performed using the ADRF service? [3GPP Release 18],question 4212,Standards specifications,18,True,True,Option 1,option 1,option 1,747
Under what conditions does the UE ignore PDCCH skipping? [3GPP Release 17],question 4222,Standards overview,17,True,True,Option 4,option 4,option 4,748
What is the purpose of the MBMSAPI_MCS in the MBMS APIs for Mission Critical Services? [3GPP Release 16],question 4230,Standards overview,16,True,True,Option 2,option 2,option 2,749
What measurements does the UE need to make in RRC_IDLE mode for E-CID? [3GPP Release 14],question 4234,Standards overview,14,False,False,Option 3,option 3,option 1,750
What mechanism allows an NG-RAN node to request activation of certain deactivated SSB beams? [3GPP Release 18],question 4240,Standards specifications,18,False,True,Option 2,option 1,option 1,751
What does the SN-DU send to the SN-CU after receiving the UE CONTEXT RELEASE message from the SN-CU? [3GPP Release 17],question 4241,Standards specifications,17,True,True,Option 4,option 4,option 4,752
How is power saving enabled during active-time? [3GPP Release 17],question 4242,Standards specifications,17,False,False,Option 4,option 2,option 1,753
Which of the following services and capabilities can be exposed to 3rd party service providers? [3GPP Release 18],question 4248,Standards specifications,18,True,True,Option 4,option 4,option 4,754
"What is the purpose of classifying UEs as fixed, camper or traveller? [3GPP Release 18]",question 4250,Standards specifications,18,True,False,Option 3,option 5,option 3,755
Which entity controls the 5G Access Stratum-based Time Distribution for a UE? [3GPP Release 18],question 4254,Standards specifications,18,False,True,Option 3,option 2,option 2,756
What is a Customer Premises Network (CPN)? [3GPP Release 17],question 4268,Standards specifications,17,True,True,Option 1,option 1,option 1,757
What is the purpose of the MPS system? [3GPP Release 18],question 4282,Standards specifications,18,False,False,Option 2,option 2,option 1,758
Which carrier has the highest cell reselection priority for sidelink operation? [3GPP Release 17],question 4293,Standards specifications,17,False,False,Option 2,option 2,option 1,759
Where should the position information be provided to? [3GPP Release 17],question 4298,Standards specifications,17,True,True,Option 4,option 4,option 4,760
What is VarRLF-Report used for? [3GPP Release 17],question 4299,Standards specifications,17,True,True,Option 1,option 1,option 1,761
What is the capability of the 5G system in managing communication across multi-path indirect network connections? [3GPP Release 17],question 4300,Standards specifications,17,True,True,Option 3,option 3,option 3,762
What is the number of consecutive OFDM symbols per subframe? [3GPP Release 17],question 4303,Standards specifications,17,True,True,Option 1,option 1,option 1,763
How is the number of logical slots for a reservation period determined? [3GPP Release 17],question 4308,Standards specifications,17,True,True,Option 3,option 3,option 3,764
Which group focuses on defining and parameterizing emerging usage scenarios for mmWave propagation channels? [3GPP Release 17],question 4314,Standards specifications,17,False,False,Option 2,option 2,option 5,765
What are the three connectivity models supported by 5GC to enable Edge Computing? [3GPP Release 18],question 4321,Standards specifications,18,False,True,Option 1,option 4,option 4,766
What information can a 3rd party service provider provide about predictable communication patterns of UEs? [3GPP Release 18],question 4322,Standards specifications,18,True,True,Option 3,option 3,option 3,767
What is the role of the Master RAN Node in Dual Connectivity? [3GPP Release 18],question 4328,Standards specifications,18,False,False,Option 5,option 5,option 3,768
What is the purpose of the Policy Control functionality in the MPS system? [3GPP Release 18],question 4329,Standards specifications,18,True,True,Option 4,option 4,option 4,769
What does the NAS protocol on N1 comprise of? [3GPP Release 18],question 4333,Standards specifications,18,True,True,Option 1,option 1,option 1,770
Which services may require accurate cell identification for NG-RAN location reporting? [3GPP Release 18],question 4337,Standards specifications,18,True,True,Option 4,option 4,option 4,771
What is the impact on line identification services during voice call continuity? [3GPP Release 18],question 4338,Standards specifications,18,True,True,Option 2,option 2,option 2,772
What does session-based charging involve? [3GPP Release 18],question 4341,Standards specifications,18,True,True,Option 5,option 5,option 5,773
What is the maximum number of configured CCs for a UE in Carrier Aggregation (CA)? [3GPP Release 18],question 4348,Standards specifications,18,False,True,Option 16,option 3,option 3,774
What can the DCCF do in the 5G system architecture? [3GPP Release 18],question 4351,Standards specifications,18,True,True,Option 5,option 5,option 5,775
What is the purpose of the EVS Floating-point Conformance for Non Bit-Exact work item? [3GPP Release 16],question 4365,Standards overview,16,True,True,Option 4,option 4,option 4,776
What criteria are considered for network broadcast capacity assignment? [3GPP Release 18],question 4372,Standards specifications,18,False,False,Option 3,option 3,option 1,777
Which message is used for the sidelink transfer of Paging message and System Information messages? [3GPP Release 17],question 4378,Standards specifications,17,False,True,Option 1,option 4,option 4,778
What is the purpose of a codeword in the context of Target UE privacy? [3GPP Release 17],question 4386,Standards specifications,17,True,True,Option 4,option 4,option 4,779
How is the relationship between radiation field and power pattern defined in general? [3GPP Release 17],question 4397,Standards specifications,17,False,False,Option 4,option 4,option 2,780
What is the purpose of the SMF in a 5G VN group? [3GPP Release 18],question 4399,Standards specifications,18,True,False,Option 3,option 4,option 3,781
What does the eNodeB use the selected core network information for? [3GPP Release 17],question 4401,Standards specifications,17,False,False,Option 3,option 3,option 4,782
What are the basic UE measurement quantities for measurements within E-UTRAN? [3GPP Release 17],question 4415,Standards specifications,17,True,True,Option 1,option 1,option 1,783
What is the purpose of an eRG in a CPN? [3GPP Release 17],question 4418,Standards specifications,17,True,False,Option 1,option 4,option 1,784
What is the purpose of the TRMS metric in LTE? [3GPP Release 14],question 4431,Standards specifications,14,False,False,Option 3,option 2,option 1,785
What is the purpose of the Xn-C interface in the NG-RAN architecture? [3GPP Release 18],question 4432,Standards specifications,18,True,True,Option 2,option 2,option 2,786
What is the maximum number of configured CCs for a UE in carrier aggregation? [3GPP Release 17],question 4440,Standards specifications,17,True,True,Option 4,option 4,option 4,787
Which media transport protocols are supported for MCVideo service? [3GPP Release 14],question 4446,Standards overview,14,False,True,Option 3,option 1,option 1,788
What happens when there are no more data packets to be forwarded for an E-RAB in indirect data forwarding from EPS to 5GS? [3GPP Release 18],question 4451,Standards specifications,18,True,False,Option 5,option 1,option 5,789
What transmission technique is used to multiplex transport channels using MBSFN and non-MBSFN transmission? [3GPP Release 17],question 4468,Standards specifications,17,False,False,Option 4,option 4,option 3,790
How does the NWDAF collect data for Collective Behaviour attributes? [3GPP Release 18],question 4480,Standards specifications,18,False,True,Option 5,option 3,option 3,791
What happens if the QCI=1 bearer setup request for VoLTE is rejected due to weak LTE coverage in originating session? [3GPP Release 14],question 4493,Standards overview,14,True,True,Option 5,option 5,option 5,792
What is included in the final SIP response for tracking applications generating charging information? [3GPP Release 18],question 4499,Standards specifications,18,True,True,Option 4,option 4,option 4,793
What are the two types of CLI measurements? [3GPP Release 18],question 4503,Standards specifications,18,True,True,Option 4,option 4,option 4,794
What information does the MSC retrieve from another MSC/VLR or the UE? [3GPP Release 17],question 4511,Standards specifications,17,True,False,Option 5,option 3,option 5,795
What is the purpose of specifying common codecs and preferred codecs in MMCMH? [3GPP Release 14],question 4512,Standards specifications,14,True,True,Option 1,option 1,option 1,796
What is the maximum delay for control plane latency in the Evolved Packet System? [3GPP Release 17],question 4513,Standards specifications,17,False,True,Option 1,option 2,option 2,797
What session can be supported in real time for an Evolved ProSe Remote UE using Indirect 3GPP Communication? [3GPP Release 17],question 4519,Standards specifications,17,True,True,Option 4,option 4,option 4,798
How many consecutive sub-carriers during one slot correspond to one downlink resource block? [3GPP Release 17],question 4520,Standards specifications,17,False,True,Option 3,option 2,option 2,799
What does CBR stand for in the context of V2X communication? [3GPP Release 14],question 4523,Standards overview,14,True,True,Option 4,option 4,option 4,800
What is the exemption provided for prioritized services during Control Plane Congestion and Overload Control? [3GPP Release 18],question 4524,Standards specifications,18,True,True,Option 2,option 2,option 2,801
How should the UE handle an error regarding the conditionality of a field in an extension addition group? [3GPP Release 17],question 4525,Standards specifications,17,False,True,Option 2,option 3,option 3,802
What is the purpose of the work item on Flexible eNB-ID and Cell-ID in E-UTRAN? [3GPP Release 14],question 4530,Standards specifications,14,True,True,Option 1,option 1,option 1,803
Which scenario requires very high connection density and the ability to share what the users see and hear? [3GPP Release 17],question 4538,Standards specifications,17,False,True,Option 5,option 4,option 4,804
What is the purpose of the ECM Work Item and the resulting specification in TS 28.538? [3GPP Release 17],question 4547,Standards overview,17,True,True,Option 1,option 1,option 1,805
What is the potential impact of UE/TRP PCO errors on NR carrier phase positioning accuracy? [3GPP Release 18],question 4548,Standards specifications,18,False,False,Option 2,option 2,option 5,806
Who is the consumer of the PFD Determination analytics? [3GPP Release 18],question 4561,Standards specifications,18,False,True,Option 2,option 4,option 4,807
What does EN-DC stand for? [3GPP Release 18],question 4562,Standards specifications,18,True,True,Option 1,option 1,option 1,808
What is the purpose of Enhanced Closed loop SLS Assurance solution? [3GPP Release 17],question 4564,Standards overview,17,True,True,Option 1,option 1,option 1,809
What is the purpose of the eNA (Enablers for Network Automation for 5G) feature? [3GPP Release 16],question 4572,Standards overview,16,True,True,Option 1,option 1,option 1,810
Which reference point supports interaction between the OCF and a Rating Function (RF)? [3GPP Release 18],question 4576,Standards specifications,18,False,True,Option 3,option 4,option 4,811
What inputs are required for the Nmfaf_3daDataManagement_Deconfigure service operation? [3GPP Release 18],question 4579,Standards specifications,18,False,True,Option 3,option 1,option 1,812
What are the TDL models used for? [3GPP Release 17],question 4581,Standards specifications,17,False,False,Option 1,option 1,option 3,813
What is withdrawal in the context of the Target UE? [3GPP Release 17],question 4585,Standards specifications,17,True,True,Option 2,option 2,option 2,814
What is a roaming broker enabled Home Environment? [3GPP Release 18],question 4588,Standards specifications,18,False,True,Option 4,option 2,option 2,815
What is the definition of OTA modulation quality? [3GPP Release 18],question 4590,Standards specifications,18,True,True,Option 5,option 5,option 5,816
What is a subscription in the context of service delivery? [3GPP Release 18],question 4602,Standards specifications,18,True,True,Option 1,option 1,option 1,817
What is the purpose of power headroom reports in MAC in gNB? [3GPP Release 17],question 4613,Standards specifications,17,True,True,Option 3,option 3,option 3,818
What is the purpose of the Ndccf_ContextManagement_Deregister service operation? [3GPP Release 18],question 4614,Standards specifications,18,True,True,Option 3,option 3,option 3,819
What security mechanism is used for UE initiated messages in V2X communication? [3GPP Release 14],question 4616,Standards overview,14,True,True,Option 4,option 4,option 4,820
How are PDCCH monitoring occasions for MCCH message determined when searchspaceMCCH is set to zero? [3GPP Release 17],question 4619,Standards specifications,17,True,True,Option 1,option 1,option 1,821
Which interface is used to forward short messages in the network with the GLR in case of SMS transfer over GPRS? [3GPP Release 17],question 4620,Standards specifications,17,False,False,Option 2,option 2,option 4,822
Which signaling procedure is introduced to support SL Positioning? [3GPP Release 18],question 4632,Standards specifications,18,False,False,Option 2,option 2,option 5,823
Which message is used to transfer UE radio access capabilities? [3GPP Release 17],question 4643,Standards specifications,17,True,True,Option 3,option 3,option 3,824
Which identity is used for indicating an alternative MCS table for PDSCH and PUSCH? [3GPP Release 17],question 4646,Standards specifications,17,True,True,Option 4,option 4,option 4,825
Which work item introduces a new protocol value FAILURE_CAUSE for the SIP Reason header? [3GPP Release 14],question 4650,Standards specifications,14,True,True,Option 5,option 5,option 5,826
What does FL server NWDAF do in the FL procedure? [3GPP Release 18],question 4651,Standards specifications,18,False,True,Option 3,option 4,option 4,827
How can a Service User initiate MPS for an MMTEL voice call with a UE that does not have an MPS subscription? [3GPP Release 18],question 4652,Standards specifications,18,False,True,Option 4,option 3,option 3,828
What does the NWDAF provide to the consumer in PFD Determination analytics? [3GPP Release 18],question 4666,Standards specifications,18,True,False,Option 2,option 4,option 2,829
What does the DCCF do when a requested data is already being collected from a Data Source? [3GPP Release 18],question 4669,Standards specifications,18,True,False,Option 4,option 2,option 4,830
What are the main control functions of automated control systems? [3GPP Release 19],question 4677,Standards specifications,19,False,False,Option 2,option 2,option 1,831
What is the purpose of the UE-assistance indication in load-balancing steering mode? [3GPP Release 17],question 4680,Standards overview,17,True,True,Option 1,option 1,option 1,832
Which TS specifies the charging solution for 5G System Architecture Phase 1? [3GPP Release 15],question 4682,Standards overview,15,True,True,Option 2,option 2,option 2,833
What is the purpose of MBMS-APIs? [3GPP Release 14],question 4683,Standards overview,14,False,False,Option 2,option 2,option 1,834
What does BA stand for in the context of RRC? [3GPP Release 18],question 4687,Standards specifications,18,False,False,Option 3,option 3,option 5,835
What mobility is supported in handover with SRVCC operation? [3GPP Release 18],question 4688,Standards specifications,18,False,False,Option 5,option 1,option 3,836
Which of the following is a requirement for ranging-based services in the 5G system? [3GPP Release 17],question 4704,Standards specifications,17,False,True,Option 2,option 1,option 1,837
What does EES service area specify? [3GPP Release 18],question 4713,Standards specifications,18,True,True,Option 5,option 5,option 5,838
What is withdrawal in the context of the LCS client? [3GPP Release 17],question 4714,Standards specifications,17,True,True,Option 2,option 2,option 2,839
What is the limitation of indirect data forwarding for the user plane in inter-System data forwarding from EPS to 5GS? [3GPP Release 17],question 4718,Standards specifications,17,False,False,Option 5,option 1,option 3,840
What is provisioning in the context of the LCS client? [3GPP Release 17],question 4725,Standards specifications,17,True,True,Option 5,option 5,option 5,841
What is the Determination of Completeness of Charging Information in IMS? [3GPP Release 14],question 4737,Standards specifications,14,True,True,Option 4,option 4,option 4,842
What is the main function of the NWDAF with Federated Learning (FL) capability? [3GPP Release 18],question 4755,Standards specifications,18,True,False,Option 1,option 4,option 1,843
Which reference point replaces the Gz reference point within the common charging architecture? [3GPP Release 18],question 4759,Standards specifications,18,False,True,Option 3,option 5,option 5,844
What does a UE monitor for detection of DCI format 0_0 or DCI format 1_0 with CRC scrambled by C-RNTI for scheduling respective PUSCH transmissions or PDSCH receptions? [3GPP Release 17],question 4762,Standards specifications,17,False,False,Option 1,option 5,option 4,845
What do radiated performance requirements specify for the SAN type 1-O? [3GPP Release 18],question 4767,Standards specifications,18,True,True,Option 1,option 1,option 1,846
"Which transmission mode does the RLC sublayer use for SRB0, paging, and broadcast system information? [3GPP Release 18]",question 4770,Standards specifications,18,False,True,Option 2,option 1,option 1,847
What is the uplink transmission scheme used for FDD and TDD? [3GPP Release 17],question 4784,Standards specifications,17,True,False,Option 4,option 3,option 4,848
"In network interconnection and protocol interworking, which cases require the use of MPS? [3GPP Release 18]",question 4785,Standards specifications,18,True,True,Option 1,option 1,option 1,849
What is the purpose of UE adaptation to BWP switching? [3GPP Release 16],question 4789,Standards specifications,16,True,True,Option 4,option 4,option 4,850
What is included in the cancellation of a PUSCH transmission for a serving cell? [3GPP Release 17],question 4803,Standards specifications,17,False,False,Option 3,option 4,option 1,851
What is the purpose of the Network notification objective introduced by MUSIM for LTE/NR? [3GPP Release 17],question 4812,Standards overview,17,False,False,Option 2,option 2,option 4,852
What entity can be used for inference in the MDA process? [3GPP Release 17],question 4813,Standards specifications,17,True,True,Option 5,option 5,option 5,853
Which identity is used for identification of Broadcast and System Information in the downlink? [3GPP Release 17],question 4817,Standards specifications,17,True,True,Option 4,option 4,option 4,854
What is the purpose of the Traffic management requirements in the application layer architecture? [3GPP Release 18],question 4821,Standards specifications,18,False,True,Option 1,option 2,option 2,855
What does the Closed loop SLS Assurance solution in TS 28.535 and TS 28.536 provide? [3GPP Release 17],question 4834,Standards overview,17,True,True,Option 1,option 1,option 1,856
Is it possible for more than one LCS client to activate requests for the same target UE? [3GPP Release 17],question 4837,Standards specifications,17,True,False,Option 5,option 2,option 5,857
What is the distribution of the shadow fading? [3GPP Release 17],question 4840,Standards specifications,17,True,True,Option 3,option 3,option 3,858
What is the purpose of the Session-AMBR? [3GPP Release 18],question 4850,Standards specifications,18,False,True,Option 4,option 3,option 3,859
What does the TSCTSF do if a PTP instance does not exist for a matching PTP instance configuration? [3GPP Release 18],question 4856,Standards specifications,18,True,True,Option 3,option 3,option 3,860
Which services can support Data Collection Coordination and Delivery? [3GPP Release 18],question 4864,Standards specifications,18,True,True,Option 5,option 5,option 5,861
When is the SDT procedure initiated? [3GPP Release 18],question 4871,Standards specifications,18,True,True,Option 5,option 5,option 5,862
What type of uncertainty assessment is performed for the measurement uncertainty budget of UE RF testing methodology? [3GPP Release 18],question 4873,Standards specifications,18,True,True,Option 3,option 3,option 3,863
Which of the following is NOT supported by PDCP packet duplication? [3GPP Release 15],question 4881,Standards overview,15,False,False,Option 1,option 1,option 3,864
What is the role of Management Data Analytics Service (MDAS) in the MDA? [3GPP Release 17],question 4893,Standards specifications,17,False,False,Option 2,option 2,option 1,865
Which uncertainty element is applicable to the CFFdeltaNF methodology? [3GPP Release 18],question 4903,Standards specifications,18,False,True,Option 3,option 5,option 5,866
What options are available for deploying non-public networks? [3GPP Release 17],question 4906,Standards specifications,17,True,True,Option 4,option 4,option 4,867
When should a UE adjust the contention window size and the backoff counter for Type 1 channel access procedures? [3GPP Release 17],question 4908,Standards specifications,17,True,True,Option 2,option 2,option 2,868
Which entity takes precedence in determining the User Plane Security Policy? [3GPP Release 18],question 4918,Standards specifications,18,False,False,Option 1,option 1,option 4,869
What does the SDP attribute 'ccc_list' allow for? [3GPP Release 14],question 4921,Standards specifications,14,True,True,Option 1,option 1,option 1,870
What is the capability of the 5G system regarding an indirect network connection when the UE is in E-UTRAN or NG-RAN coverage? [3GPP Release 17],question 4924,Standards specifications,17,True,True,Option 4,option 4,option 4,871
Which delivery option(s) are available in Data Delivery via the DCCF or NWDAF? [3GPP Release 18],question 4931,Standards specifications,18,False,False,Option 3,option 3,option 1,872
Which physical channel carries data from a UE for sidelink communication and V2X sidelink communication? [3GPP Release 17],question 4933,Standards specifications,17,True,True,Option 4,option 4,option 4,873
What does NWDAF provide to consumer NF or OAM based on the collected network data? [3GPP Release 18],question 4946,Standards specifications,18,False,False,Option 2,option 2,option 5,874
What does DNN stand for in the 5G System? [3GPP Release 18],question 4955,Standards specifications,18,True,True,Option 5,option 5,option 5,875
What is the role of mapping rules in the QoS architecture? [3GPP Release 18],question 4957,Standards specifications,18,True,True,Option 1,option 1,option 1,876
What is the behavior of a mobile station in the MM IDLE state with service state NO IMSI? [3GPP Release 18],question 4958,Standards specifications,18,False,False,Option 4,option 4,option 2,877
What is the function of the Gateway GPRS Support Node (GGSN)? [3GPP Release 17],question 4959,Standards specifications,17,True,True,Option 1,option 1,option 1,878
What is the purpose of the uplink buffer status reports (BSR)? [3GPP Release 18],question 4972,Standards specifications,18,True,True,Option 1,option 1,option 1,879
Where can additional information about the regional provision of service be found? [3GPP Release 18],question 4977,Standards specifications,18,True,True,Option 4,option 4,option 4,880
Which interface is not required in the roaming architecture for interworking between 5GS and EPC? [3GPP Release 18],question 4981,Standards specifications,18,True,True,Option 2,option 2,option 2,881
What is the minimum requirement for OTA occupied bandwidth for each carrier? [3GPP Release 18],question 4992,Standards specifications,18,False,False,Option 1,option 3,option 2,882
What is the purpose of mutual ranging in the 5G system? [3GPP Release 17],question 5001,Standards specifications,17,True,True,Option 4,option 4,option 4,883
Which state exists when the network has received an answer but the network has not yet awarded the call? [3GPP Release 18],question 5003,Standards specifications,18,False,False,Option 2,option 2,option 1,884
What is the purpose of charging data correlation? [3GPP Release 18],question 5008,Standards specifications,18,True,True,Option 4,option 4,option 4,885
Which entity is responsible for providing the Candidate-UE filtering policy to the AF? [3GPP Release 18],question 5010,Standards specifications,18,True,True,Option 3,option 3,option 3,886
How can UE power saving be achieved in RRC_IDLE/RRC_INACTIVE? [3GPP Release 17],question 5034,Standards specifications,17,False,False,Option 3,option 3,option 2,887
Which measurements are performed for intra- and inter-frequency handover? [3GPP Release 17],question 5056,Standards specifications,17,False,False,Option 4,option 4,option 2,888
What is the key functionality introduced for scheduling enhancements in the 5G Core network? [3GPP Release 16],question 5060,Standards overview,16,True,True,Option 4,option 4,option 4,889
What 5G system feature allows utilization of new functionalities provided by the 5G-CN using the LTE radio interface? [3GPP Release 18],question 5062,Standards specifications,18,True,True,Option 2,option 2,option 2,890
What is handed over to the target RAT in handover with SRVCC operation? [3GPP Release 18],question 5065,Standards specifications,18,True,True,Option 5,option 5,option 5,891
In what market sector are 3GPP networks expected to become an important tool? [3GPP Release 17],question 5067,Standards specifications,17,False,False,Option 4,option 5,option 2,892
What is the purpose of EXT_UED? [3GPP Release 14],question 5075,Standards specifications,14,True,True,Option 5,option 5,option 5,893
What is the purpose of the Permanent Equipment Identifier (PEI)? [3GPP Release 18],question 5079,Standards specifications,18,False,True,Option 4,option 5,option 5,894
What is the purpose of the NWDAF discovery and selection process? [3GPP Release 18],question 5083,Standards specifications,18,True,True,Option 3,option 3,option 3,895
What identifiers can be used by the LCS client to identify a target UE for value-added services? [3GPP Release 17],question 5084,Standards specifications,17,True,True,Option 5,option 5,option 5,896
What does NEF translate into a SUPI or Internal-Group-Id? [3GPP Release 18],question 5085,Standards specifications,18,True,True,Option 2,option 2,option 2,897
Which of the following is true about cell reselection between NR RRC_IDLE and E-UTRA RRC_IDLE? [3GPP Release 17],question 5087,Standards specifications,17,False,False,Option 1,option 1,option 3,898
What message does the UE respond with after receiving the RRCSetup message? [3GPP Release 17],question 5091,Standards specifications,17,False,False,Option 1,option 1,option 3,899
What is AKMA in the context of 5G security? [3GPP Release 17],question 5108,Standards overview,17,False,False,Option 4,option 4,option 2,900
Which interface is used for inter-eNB control plane signaling in Dual Connectivity? [3GPP Release 17],question 5112,Standards specifications,17,True,True,Option 1,option 1,option 1,901
How is notification of SC-MCCH change indicated in NB-IoT? [3GPP Release 14],question 5114,Standards overview,14,True,True,Option 3,option 3,option 3,902
What is the purpose of collecting and processing charging data in the serving network? [3GPP Release 18],question 5128,Standards specifications,18,True,True,Option 4,option 4,option 4,903
What is the purpose of steering of roaming for a multi-mode terminal? [3GPP Release 18],question 5129,Standards specifications,18,True,False,Option 3,option 5,option 3,904
What does the SMF do before retrieving PFDs from the NEF (PFDF)? [3GPP Release 18],question 5135,Standards specifications,18,False,False,Option 4,option 3,option 2,905
What is the main service and function of the SDAP sublayer? [3GPP Release 18],question 5145,Standards specifications,18,True,True,Option 4,option 4,option 4,906
During which network life cycle phase do mobile network operators compare network elements from various vendors for EE? [3GPP Release 18],question 5150,Standards specifications,18,True,True,Option 1,option 1,option 1,907
What does redundant transmission at the transport layer in URLLC require? [3GPP Release 18],question 5151,Standards specifications,18,True,True,Option 3,option 3,option 3,908
Which interface is used to carry packet data transmission and mobility management between the SGSN and BSS? [3GPP Release 17],question 5155,Standards specifications,17,True,True,Option 3,option 3,option 3,909
What are the main functionalities of the Enhancement of support for Edge Computing feature in the 5G Core network? [3GPP Release 17],question 5156,Standards overview,17,True,True,Option 1,option 1,option 1,910
What is the purpose of DNN based congestion control? [3GPP Release 18],question 5162,Standards specifications,18,True,True,Option 1,option 1,option 1,911
What are the abilities provided by subscription-related priority mechanisms? [3GPP Release 18],question 5165,Standards specifications,18,False,True,Option 5,option 1,option 1,912
Which reference signals can be used for NR carrier phase positioning? [3GPP Release 18],question 5174,Standards specifications,18,True,True,Option 2,option 2,option 2,913
What is expected in terms of unauthorized UEs accessing non-public networks? [3GPP Release 17],question 5183,Standards specifications,17,False,True,Option 1,option 2,option 2,914
What was the initial purpose of 3GPP Public Warning Systems specified in Release 8? [3GPP Release 16],question 5195,Standards overview,16,True,True,Option 5,option 5,option 5,915
What is the conclusion regarding PRS/SRS bandwidth aggregation for intra-band contiguous carriers? [3GPP Release 18],question 5197,Standards specifications,18,True,True,Option 2,option 2,option 2,916
What security mechanism is used for securing the V3 interface between the UE and the V2X Control Function? [3GPP Release 14],question 5198,Standards overview,14,False,True,Option 1,option 3,option 3,917
Who can the AF belong to? [3GPP Release 18],question 5204,Standards specifications,18,True,True,Option 3,option 3,option 3,918
What does CFI stand for in the context of LTE_HRLLC? [3GPP Release 18],question 5210,Standards specifications,18,False,True,Option 1,option 3,option 3,919
"What is the meaning of the tag 'Otherwise, the field is absent, Need R'? [3GPP Release 17]",question 5219,Standards specifications,17,False,True,Option 1,option 2,option 2,920
What is the role of AnLF in analytics accuracy monitoring? [3GPP Release 18],question 5228,Standards specifications,18,True,True,Option 3,option 3,option 3,921
What is the time-domain structure of an SS/PBCH block? [3GPP Release 17],question 5232,Standards specifications,17,True,True,Option 1,option 1,option 1,922
What control does the UE subscriber have over privacy for value-added services? [3GPP Release 17],question 5244,Standards specifications,17,False,False,Option 2,option 2,option 3,923
Which type of PRAs information is provisioned by the PCRF/OCS to the MME each time the IP-CAN session is established? [3GPP Release 14],question 5246,Standards specifications,14,True,False,Option 1,option 3,option 1,924
What does the NWDAF provide in the response or notification on 'QoS Sustainability'? [3GPP Release 18],question 5247,Standards specifications,18,False,False,Option 5,option 5,option 3,925
What does the UE CONTEXT MODIFICATION REQUEST message include in the intra-CU topology adaptation procedure in SA? [3GPP Release 17],question 5255,Standards specifications,17,False,False,Option 2,option 5,option 1,926
What is UE-Assisted Location Calculation based upon? [3GPP Release 17],question 5259,Standards specifications,17,True,True,Option 4,option 4,option 4,927
What is the mapping process for non-interleaved VRB-to-PRB mapping? [3GPP Release 17],question 5262,Standards specifications,17,True,True,Option 1,option 1,option 1,928
What does Invocation-to-Release Priority Treatment include? [3GPP Release 18],question 5264,Standards specifications,18,True,True,Option 3,option 3,option 3,929
What does MnS component type B refer to? [3GPP Release 17],question 5275,Standards specifications,17,True,True,Option 3,option 3,option 3,930
What is the purpose of charging data transfer in converged charging? [3GPP Release 18],question 5282,Standards specifications,18,True,True,Option 4,option 4,option 4,931
What information is included in the request for PDU Session traffic analytics? [3GPP Release 18],question 5317,Standards specifications,18,True,True,Option 4,option 4,option 4,932
What is the purpose of the enhancement of the 3GPP management system? [3GPP Release 16],question 5318,Standards overview,16,False,False,Option 5,option 3,option 4,933
What are the physical layer signals used for RAT-dependent positioning solutions in NR? [3GPP Release 16],question 5320,Standards overview,16,True,False,Option 2,option 1,option 2,934
What does the UE assume about the DL PRS from the serving cell? [3GPP Release 17],question 5325,Standards specifications,17,False,False,Option 1,option 1,option 2,935
What happens when an IP packet arrives at the UPF for a UE that is CM-IDLE? [3GPP Release 18],question 5329,Standards specifications,18,True,True,Option 3,option 3,option 3,936
What are the three factors that govern the PDCCH monitoring activity of the UE in RRC connected mode? [3GPP Release 18],question 5341,Standards specifications,18,True,True,Option 1,option 1,option 1,937
What is the purpose of the enhancements for high capacity stationary wireless link and introduction of 1024 QAM for LTE DL? [3GPP Release 15],question 5359,Standards overview,15,True,True,Option 2,option 2,option 2,938
What are the key principles of user plane handling for inter-System data forwarding from 5GS to EPS? [3GPP Release 17],question 5369,Standards specifications,17,True,False,Option 3,option 1,option 3,939
What is the purpose of network exposure to the Edge Application Server (EAS)? [3GPP Release 18],question 5370,Standards specifications,18,True,True,Option 2,option 2,option 2,940
Where is the PCI Optimization Function specified? [3GPP Release 17],question 5379,Standards specifications,17,False,False,Option 4,option 2,option 3,941
Which component provides the Nudr_DM_Query response? [3GPP Release 18],question 5380,Standards specifications,18,True,True,Option 3,option 3,option 3,942
Which work item specifies the use cases and requirements for management of measurements for cross-operator accounting? [3GPP Release 14],question 5387,Standards specifications,14,False,True,Option 1,option 4,option 4,943
What are the key features for LTE to provide voice service over 2/3G CS domain? [3GPP Release 14],question 5389,Standards overview,14,True,True,Option 5,option 5,option 5,944
What is used for power control in sidelink? [3GPP Release 17],question 5392,Standards specifications,17,False,False,Option 2,option 2,option 4,945
What are the main services and functions of the RRC sublayer over the Uu interface? [3GPP Release 18],question 5409,Standards specifications,18,True,True,Option 5,option 5,option 5,946
What is the purpose of the X2 interface in Dual Connectivity? [3GPP Release 17],question 5416,Standards specifications,17,False,False,Option 2,option 2,option 1,947
What is the purpose of the HandoverCommand message? [3GPP Release 17],question 5420,Standards specifications,17,True,True,Option 2,option 2,option 2,948
What is slice specific RACH configuration? [3GPP Release 17],question 5427,Standards overview,17,True,True,Option 2,option 2,option 2,949
What does the NAS-SM support in the control plane between the UE and the SMF? [3GPP Release 18],question 5435,Standards specifications,18,True,True,Option 1,option 1,option 1,950
Which state exists when the mobile station has received an indication that remote user alerting has been initiated? [3GPP Release 18],question 5445,Standards specifications,18,False,False,Option 3,option 3,option 1,951
What is the term for the interference between UL and DL transmissions in different cells due to atmospheric ducting? [3GPP Release 18],question 5451,Standards specifications,18,False,True,Option 1,option 4,option 4,952
Which legacy protocols can be used for the interfaces between SMSF/UDM and SMS-GMSC/SMS-IWMSC/IP-SM-GW/SMS Router? [3GPP Release 18],question 5452,Standards specifications,18,True,True,Option 3,option 3,option 3,953
What is the maximum value for the false alarm probability for NPRACH detection? [3GPP Release 18],question 5454,Standards specifications,18,True,True,Option 1,option 1,option 1,954
What does reliability measure in positioning requests? [3GPP Release 17],question 5458,Standards specifications,17,True,True,Option 3,option 3,option 3,955
How many user priority levels are supported by the 3GPP network? [3GPP Release 18],question 5459,Standards specifications,18,False,True,Option 5,option 3,option 3,956
What does NF stand for in the context of 5G architecture? [3GPP Release 18],question 5462,Standards specifications,18,True,True,Option 2,option 2,option 2,957
What is the reference point for measurement of EVM? [3GPP Release 18],question 5463,Standards specifications,18,False,True,Option 3,option 2,option 2,958
How long can the SDT procedure last? [3GPP Release 18],question 5467,Standards specifications,18,True,True,Option 3,option 3,option 3,959
What happens when a remote non-PLMN user initiates call rearrangements? [3GPP Release 18],question 5476,Standards specifications,18,True,True,Option 2,option 2,option 2,960
What is the function of an eNodeB? [3GPP Release 17],question 5477,Standards specifications,17,True,True,Option 4,option 4,option 4,961
What is the purpose of the N4 Session Establishment procedure? [3GPP Release 18],question 5485,Standards specifications,18,False,True,Option 1,option 2,option 2,962
Which modulation scheme is used for the single codeword on the Physical Sidelink Broadcast Channel (PSBCH)? [3GPP Release 17],question 5486,Standards specifications,17,True,True,Option 5,option 5,option 5,963
What information is broadcasted in the system information for slice aware cell reselection? [3GPP Release 17],question 5490,Standards overview,17,False,True,Option 1,option 2,option 2,964
What capability should the 5G system provide for a UE to assist another UE in ranging of a third UE? [3GPP Release 17],question 5491,Standards specifications,17,True,False,Option 3,option 2,option 3,965
How is the recommended bitrate conveyed from the eNB to the UE? [3GPP Release 14],question 5493,Standards overview,14,False,True,Option 1,option 3,option 3,966
What is the symbol duration determined by a UE for PDCCH monitoring? [3GPP Release 17],question 5496,Standards specifications,17,False,False,Option 2,option 2,option 1,967
What is the purpose of the IMS Multimedia Telephony service? [3GPP Release 17],question 5502,Standards specifications,17,True,True,Option 1,option 1,option 1,968
How many consecutive sub-carriers form a Physical Resource Block (PRB)? [3GPP Release 17],question 5518,Standards specifications,17,False,True,Option 12,option 4,option 4,969
Which types of emergency calls are possible? [3GPP Release 18],question 5531,Standards specifications,18,True,True,Option 5,option 5,option 5,970
Which synchronization signals does a UE receive to perform cell search? [3GPP Release 17],question 5542,Standards specifications,17,True,True,Option 3,option 3,option 3,971
What should be supported for end-to-end codec negotiation? [3GPP Release 17],question 5547,Standards specifications,17,False,True,Option 1,option 4,option 4,972
Which document specifies the system procedures for EPS? [3GPP Release 16],question 5548,Standards overview,16,True,True,Option 2,option 2,option 2,973
What is the size of a PDCP SDU in E-UTRA? [3GPP Release 16],question 5551,Standards overview,16,True,False,Option 1,option 2,option 1,974
When is priority treatment applied in MPS? [3GPP Release 18],question 5557,Standards specifications,18,True,True,Option 2,option 2,option 2,975
What accuracy of relative lateral positioning does the 3GPP system support according to requirement R.5.1-007? [3GPP Release 17],question 5581,Standards specifications,17,False,False,Option 2,option 2,option 1,976
What happens when a gNB intends to transmit a transmission(s) on a set of channels at the same time? [3GPP Release 17],question 5582,Standards specifications,17,True,True,Option 4,option 4,option 4,977
What is the purpose of the Nadrf_MLModelManagement_StorageRequest service operation? [3GPP Release 18],question 5592,Standards specifications,18,True,True,Option 1,option 1,option 1,978
What is supported for handover between gNB and ng-eNB? [3GPP Release 18],question 5601,Standards specifications,18,False,False,Option 5,option 5,option 3,979
"Which layer of NR is split into sublayers such as MAC, RLC, PDCP, and SDAP? [3GPP Release 17]",question 5606,Standards specifications,17,True,True,Option 2,option 2,option 2,980
What is the measurement period for EVM in E-UTRA? [3GPP Release 18],question 5607,Standards specifications,18,False,True,Option 2,option 1,option 1,981
"Besides the short service definition and description of normal operation, what other information is provided for each supplementary service? [3GPP Release 17]",question 5608,Standards specifications,17,False,True,Option 1,option 4,option 4,982
What is the purpose of the Physical Downlink Shared Channel (PDSCH)? [3GPP Release 18],question 5611,Standards specifications,18,True,True,Option 1,option 1,option 1,983
Will the UE configuration of enabled/disabled radio technologies remain the same after a power-cycle or when the USIM is disabled? [3GPP Release 18],question 5613,Standards specifications,18,False,True,Option 2,option 1,option 1,984
What is the purpose of the spatial filter in generating TDL channel models? [3GPP Release 17],question 5614,Standards specifications,17,False,False,Option 2,option 2,option 4,985
How many consecutive sub-carriers correspond to one uplink resource block? [3GPP Release 17],question 5620,Standards specifications,17,True,True,Option 4,option 4,option 4,986
What is the total layer 2 buffer size for NR SL? [3GPP Release 17],question 5624,Standards specifications,17,False,True,Option 4,option 1,option 1,987
Which sectors or industries can use the 5G system? [3GPP Release 15],question 5625,Standards overview,15,True,True,Option 5,option 5,option 5,988
What is the purpose of the HSNA Slot Configuration List in gNB-DU Cell Resource Configuration? [3GPP Release 17],question 5630,Standards specifications,17,True,True,Option 1,option 1,option 1,989
What modulation schemes are supported for the PUCCH format 1? [3GPP Release 17],question 5632,Standards specifications,17,True,True,Option 1,option 1,option 1,990
What is the purpose of Federated Learning (FL) in the NWDAF? [3GPP Release 18],question 5638,Standards specifications,18,False,False,Option 4,option 4,option 3,991
Which release of the 3GPP system contains substantial enhancements for delivering TV services? [3GPP Release 17],question 5644,Standards specifications,17,True,True,Option 1,option 1,option 1,992
What are the steps needed to generate TDL models? [3GPP Release 17],question 5650,Standards specifications,17,False,False,Option 4,option 4,option 1,993
"In the context of cell status and cell reservations, what does the field 'cellBarred' indicate? [3GPP Release 17]",question 5655,Standards specifications,17,False,True,Option 1,option 3,option 3,994
What does a UE prepends to an information field in a DCI format if its size is smaller than required? [3GPP Release 17],question 5657,Standards specifications,17,True,True,Option 1,option 1,option 1,995
What is the purpose of the Multi-device and Multi-Identity feature in the IMS Multimedia Telephony service? [3GPP Release 17],question 5664,Standards specifications,17,True,True,Option 1,option 1,option 1,996
What is provisioning in the context of the Target UE? [3GPP Release 17],question 5669,Standards specifications,17,False,True,Option 3,option 5,option 5,997
What does the gNB do with the UE UTRA-FDD capabilities? [3GPP Release 18],question 5675,Standards specifications,18,False,False,Option 1,option 1,option 5,998
What is the purpose of steering of access in the Evolved Packet System? [3GPP Release 17],question 5681,Standards specifications,17,False,False,Option 4,option 4,option 5,999
What is the impact of voice call continuity on the quality of the voice service? [3GPP Release 18],question 5684,Standards specifications,18,False,True,Option 2,option 3,option 3,1000
When are channel access procedures applied? [3GPP Release 17],question 5686,Standards specifications,17,True,True,Option 1,option 1,option 1,1001
For which operation does the requirement for spurious emissions apply? [3GPP Release 18],question 5694,Standards specifications,18,True,True,Option 1,option 1,option 1,1002
What additional information is reported to the NAS if the UE supports E-UTRA connected to 5GC? [3GPP Release 17],question 5697,Standards specifications,17,False,False,Option 1,option 2,option 3,1003
What can the AMF do if it accepts the Paging Restriction Information requested by the UE? [3GPP Release 18],question 5698,Standards specifications,18,True,True,Option 1,option 1,option 1,1004
How can analytics be exchanged between HPLMN and VPLMN in the roaming architecture? [3GPP Release 18],question 5706,Standards specifications,18,True,True,Option 2,option 2,option 2,1005
What is the purpose of UL asynchronous HARQ transmission in the LTE network? [3GPP Release 14],question 5719,Standards overview,14,True,True,Option 3,option 3,option 3,1006
What action should the UE take if a cell is indicated as 'barred' for cell selection/reselection? [3GPP Release 17],question 5725,Standards specifications,17,False,False,Option 1,option 1,option 5,1007
What type of transmissions are defined for ProSe Direct Discovery and ProSe Direct Communication between UEs? [3GPP Release 17],question 5727,Standards specifications,17,True,True,Option 3,option 3,option 3,1008
Which scenario is intended to capture various typical indoor deployment scenarios including office environments and shopping malls? [3GPP Release 17],question 5729,Standards specifications,17,True,True,Option 3,option 3,option 3,1009
What is the purpose of the NR Coverage and Capacity Optimization (CCO) function? [3GPP Release 17],question 5736,Standards overview,17,True,True,Option 1,option 1,option 1,1010
"How many energy saving states can cells, network elements, and network functions be in? [3GPP Release 18]",question 5739,Standards specifications,18,False,True,Option 3,option 2,option 2,1011
What is the optional output for the Ndccf_ContextManagement_Deregister service operation? [3GPP Release 18],question 5750,Standards specifications,18,False,True,Option 1,option 4,option 4,1012
When does the L-PSA UPF send the Nupf_EventExposure_Notify? [3GPP Release 18],question 5752,Standards specifications,18,True,True,Option 3,option 3,option 3,1013
What does Layer 3 filtering apply to in CLI measurement results? [3GPP Release 18],question 5753,Standards specifications,18,True,True,Option 5,option 5,option 5,1014
What is the purpose of the PUCCH transmission with a link recovery request (LRR)? [3GPP Release 17],question 5760,Standards specifications,17,True,True,Option 1,option 1,option 1,1015
What is EN-DC in the context of 5G? [3GPP Release 15],question 5787,Standards overview,15,False,True,Option 4,option 2,option 2,1016
What does Dual Connectivity allow the Master RAN Node to do? [3GPP Release 18],question 5788,Standards specifications,18,False,True,Option 5,option 1,option 1,1017
Which access class value is assigned to Multimedia Priority Service? [3GPP Release 18],question 5791,Standards specifications,18,False,False,Option 12,option 11,option 5,1018
Which of the following network functions is responsible for session management? [3GPP Release 18],question 5794,Standards specifications,18,True,True,Option 2,option 2,option 2,1019
Which test method uses the fixed TPMI index for EIRP measurement? [3GPP Release 18],question 5797,Standards specifications,18,False,False,Option 1,option 1,option 5,1020
When is PSCell information reported by the NG-RAN? [3GPP Release 18],question 5802,Standards specifications,18,False,False,Option 3,option 3,option 1,1021
What does the SN-DU send to the SN-CU after receiving the UE CONTEXT SETUP REQUEST message? [3GPP Release 17],question 5804,Standards specifications,17,True,True,Option 5,option 5,option 5,1022
"What do the angles bearing, downtilt, and slant represent? [3GPP Release 18]",question 5810,Standards specifications,18,False,False,Option 4,option 4,option 1,1023
What is the maximum data channel bandwidth supported in CE modes A and B in DL? [3GPP Release 14],question 5819,Standards overview,14,True,False,Option 4,option 2,option 4,1024
What is the minimum number of grid points required for the TRP Measurement Grid with constant density? [3GPP Release 18],question 5821,Standards specifications,18,True,False,Option 3,option 1,option 3,1025
What information does the Home Subscriber Server (HSS) hold? [3GPP Release 17],question 5825,Standards specifications,17,True,True,Option 5,option 5,option 5,1026
What happens when an MPS session request cannot be immediately processed in the originating network? [3GPP Release 18],question 5826,Standards specifications,18,True,True,Option 3,option 3,option 3,1027
What does redundant transmission on N3/N9 interfaces in URLLC aim to enhance? [3GPP Release 18],question 5827,Standards specifications,18,False,False,Option 1,option 5,option 2,1028
What are the power components recommended to be considered for RRM measurement power saving evaluation in the IDLE/INACTIVE state? [3GPP Release 16],question 5832,Standards specifications,16,False,False,Option 5,option 3,option 1,1029
What is the purpose of the IAB-node in the integrated access and backhaul (IAB) architecture? [3GPP Release 18],question 5834,Standards specifications,18,True,True,Option 1,option 1,option 1,1030
How are EE KPIs for network elements expressed? [3GPP Release 18],question 5835,Standards specifications,18,False,True,Option 4,option 1,option 1,1031
What is the role of mapping rules in the QoS architecture? [3GPP Release 18],question 5838,Standards specifications,18,True,True,Option 1,option 1,option 1,1032
What is the purpose of the Reliable Data Service (RDS) between UE and SCEF? [3GPP Release 14],question 5840,Standards overview,14,True,True,Option 5,option 5,option 5,1033
What are the three levels of services defined for a UE in Idle mode? [3GPP Release 17],question 5841,Standards specifications,17,False,True,Option 2,option 1,option 1,1034
What is the procedure for notifying a mobile station of an appropriate call-related event during the 'active' state? [3GPP Release 18],question 5847,Standards specifications,18,True,True,Option 4,option 4,option 4,1035
What does the AF request include when invoking the Nnef_DNAIMapping_Subscribe service? [3GPP Release 18],question 5849,Standards specifications,18,True,True,Option 3,option 3,option 3,1036
What is the relative increase in cable loss per meter from 43.5 GHz to 48.2 GHz? [3GPP Release 18],question 5853,Standards specifications,18,False,True,Option 3,option 1,option 1,1037
What determines the starting PRB index of the DL PRS resource? [3GPP Release 17],question 5872,Standards specifications,17,True,True,Option 2,option 2,option 2,1038
What is the expected reliability for remote control for process automation in 5G? [3GPP Release 15],question 5892,Standards overview,15,False,True,Option 4,option 5,option 5,1039
What types of communication can be supported by Indirect 3GPP Communication? [3GPP Release 17],question 5895,Standards specifications,17,True,True,Option 3,option 3,option 3,1040
Which sublayer is responsible for mapping between a QoS flow and a data radio bearer? [3GPP Release 18],question 5896,Standards specifications,18,True,True,Option 4,option 4,option 4,1041
What are the responsibilities of the MSC server and Gateway MSC server in charging? [3GPP Release 18],question 5903,Standards specifications,18,True,True,Option 1,option 1,option 1,1042
What drives the need for secure mechanisms to establish or refresh credentials and subscriptions in IoT devices? [3GPP Release 17],question 5904,Standards specifications,17,False,True,Option 4,option 1,option 1,1043
What is the architecture called when the 5G AN is connected to the 4G Core Network? [3GPP Release 15],question 5909,Standards overview,15,True,True,Option 3,option 3,option 3,1044
What is the purpose of an Application Group ID? [3GPP Release 18],question 5913,Standards specifications,18,False,True,Option 5,option 3,option 3,1045
How many SSB bursts are used for Loop convergence in the CONNECTED state? [3GPP Release 16],question 5915,Standards specifications,16,True,False,Option 2,,option 2,1046
What is the purpose of the Restriction of use of Enhanced Coverage feature? [3GPP Release 14],question 5919,Standards overview,14,True,True,Option 2,option 2,option 2,1047
Is the deployment of a NAT between EASDF and PSA UPF supported? [3GPP Release 18],question 5920,Standards specifications,18,True,True,Option 2,option 2,option 2,1048
What is the purpose of selecting an appropriate relay UE? [3GPP Release 17],question 5923,Standards specifications,17,True,True,Option 3,option 3,option 3,1049
When does the UE ignore the scheduling DCI for the n-th triggered CSI report? [3GPP Release 17],question 5926,Standards specifications,17,True,True,Option 1,option 1,option 1,1050
What does scheduling the periods of location monitoring and reporting help reduce? [3GPP Release 17],question 5947,Standards specifications,17,True,True,Option 2,option 2,option 2,1051
Which additional positioning technique is supported in Rel-16 LPP for GNSS SSR? [3GPP Release 16],question 5949,Standards overview,16,False,True,Option 5,option 1,option 1,1052
What is the purpose of the Edge Enabler Client (EEC) in enabling edge applications? [3GPP Release 17],question 5952,Standards overview,17,False,False,Option 3,option 3,option 5,1053
What triggers the deletion of the list of forbidden tracking areas associated with an SNPN? [3GPP Release 18],question 5962,Standards specifications,18,True,True,Option 4,option 4,option 4,1054
Which of the following physical channels carries information originating from higher layers? [3GPP Release 17],question 5963,Standards specifications,17,True,True,Option 2,option 2,option 2,1055
What is the out-of-band blocking characteristic for SAN type 1-H? [3GPP Release 18],question 5966,Standards specifications,18,True,True,Option 4,option 4,option 4,1056
What triggers Edge Relocation in the network? [3GPP Release 18],question 5967,Standards specifications,18,True,True,Option 3,option 3,option 3,1057
What is the purpose of scrambling in the physical uplink shared channel? [3GPP Release 17],question 5974,Standards specifications,17,True,True,Option 4,option 4,option 4,1058
What are the communication attributes in automation? [3GPP Release 19],question 5981,Standards specifications,19,False,False,Option 2,option 2,option 1,1059
What capabilities should a Shared E-UTRAN/NG-RAN have? [3GPP Release 18],question 5982,Standards specifications,18,True,True,Option 4,option 4,option 4,1060
What is the maximum number of additional RACH configurations? [3GPP Release 17],question 5984,Standards specifications,17,True,True,Option 1,option 1,option 1,1061
What is the purpose of 5G Access Stratum-based Time Distribution? [3GPP Release 18],question 5986,Standards specifications,18,False,False,Option 1,option 1,option 2,1062
What procedure allows maintaining the S1 connection and retransmissions of the NAS PDUs in case of radio link failure for CIoT EPS optimizations? [3GPP Release 14],question 5989,Standards overview,14,True,True,Option 1,option 1,option 1,1063
Why do AV production applications call for uncompressed or slightly compressed data? [3GPP Release 17],question 6001,Standards specifications,17,True,True,Option 5,option 5,option 5,1064
What is the purpose of the Message Priority header in messages exchanged over service-based interfaces? [3GPP Release 18],question 6003,Standards specifications,18,True,True,Option 2,option 2,option 2,1065
What enhancements were introduced for NB-IoT and LTE-MTC in Rel-17? [3GPP Release 17],question 6004,Standards overview,17,True,True,Option 4,option 4,option 4,1066
What is the purpose of RAN visible QoE measurements? [3GPP Release 18],question 6005,Standards specifications,18,False,True,Option 1,option 2,option 2,1067
Who subscribes to analytics information of Application AI/ML traffic transmission status from the NWDAF? [3GPP Release 18],question 6006,Standards specifications,18,False,False,Option 2,option 3,option 4,1068
Which error response indicates that the requested service option is not authorized in the PLMN? [3GPP Release 18],question 6007,Standards specifications,18,True,True,Option 2,option 2,option 2,1069
Which reference points are included in the logical ubiquitous charging architecture? [3GPP Release 18],question 6015,Standards specifications,18,True,True,Option 1,option 1,option 1,1070
Can multiple MDA instances be deployed? [3GPP Release 17],question 6017,Standards specifications,17,True,True,Option 3,option 3,option 3,1071
What is the channel generation process in the map-based hybrid model based on? [3GPP Release 17],question 6018,Standards specifications,17,True,True,Option 1,option 1,option 1,1072
What is the priority value for a PSFCH transmission with HARQ-ACK information? [3GPP Release 17],question 6023,Standards specifications,17,True,True,Option 4,option 4,option 4,1073
"Can a UE disable use of one or more of its radio technologies, regardless of PLMNs? [3GPP Release 18]",question 6024,Standards specifications,18,True,True,Option 1,option 1,option 1,1074
What capability does the management service producer responsible for PEE fault supervision have? [3GPP Release 18],question 6035,Standards specifications,18,True,True,Option 3,option 3,option 3,1075
What determines if an IAB-DU cell can transmit or receive on a symbol configured as a soft type? [3GPP Release 17],question 6036,Standards specifications,17,False,False,Option 3,option 3,option 2,1076
What are the three factors that govern the PDCCH monitoring activity of the UE in RRC connected mode? [3GPP Release 17],question 6037,Standards specifications,17,False,True,Option 1,option 5,option 5,1077
Which of the following situations can lead to the MS being unable to obtain normal service from a PLMN or SNPN? [3GPP Release 18],question 6040,Standards specifications,18,True,True,Option 1,option 1,option 1,1078
What does a UE configure when provided with UplinkCancellation? [3GPP Release 17],question 6042,Standards specifications,17,True,True,Option 4,option 4,option 4,1079
Under what circumstances would it be desirable to prevent UE users from making access attempts or responding to pages in specified areas of a PLMN? [3GPP Release 18],question 6046,Standards specifications,18,True,True,Option 2,option 2,option 2,1080
Which specification introduced the mechanism to support single radio voice call continuity (SRVCC) from 5GS to UTRAN? [3GPP Release 16],question 6051,Standards overview,16,True,True,Option 3,option 3,option 3,1081
Which logical channel can be mapped to DL-SCH in the downlink? [3GPP Release 18],question 6057,Standards specifications,18,True,True,Option 4,option 4,option 4,1082
What is the periodicity of half frames with SS/PBCH blocks for initial cell selection in an IAB-MT? [3GPP Release 17],question 6059,Standards specifications,17,False,True,Option 2,option 4,option 4,1083
What is the role of the serving core network operator in a shared network? [3GPP Release 17],question 6061,Standards specifications,17,True,True,Option 5,option 5,option 5,1084
Which state supports QoE measurement reporting in UMTS networks? [3GPP Release 14],question 6065,Standards specifications,14,True,True,Option 2,option 2,option 2,1085
What does the Allowed Delay parameter indicate? [3GPP Release 18],question 6067,Standards specifications,18,True,True,Option 1,option 1,option 1,1086
Which aspect is not covered by the flexible network operations in 5G? [3GPP Release 15],question 6080,Standards overview,15,True,True,Option 4,option 4,option 4,1087
What procedure is followed to estimate the energy consumption of VNF/VNFCs based on the vCPU usage of virtual compute resources? [3GPP Release 18],question 6082,Standards specifications,18,True,True,Option 2,option 2,option 2,1088
When can the target UE authorize positioning attempts? [3GPP Release 17],question 6088,Standards specifications,17,True,True,Option 4,option 4,option 4,1089
What does the Un interface in E-UTRAN support? [3GPP Release 17],question 6097,Standards specifications,17,True,True,Option 1,option 1,option 1,1090
What is the purpose of ciphering in NR connected to 5GC security? [3GPP Release 18],question 6099,Standards specifications,18,True,True,Option 5,option 5,option 5,1091
What is the purpose of the Single link polarization measurement? [3GPP Release 18],question 6105,Standards specifications,18,False,True,Option 1,option 5,option 5,1092
What type of link adaptation is performed in uplink transmission? [3GPP Release 17],question 6109,Standards specifications,17,True,True,Option 4,option 4,option 4,1093
Which charging architecture is used for 5G Data Connectivity in Phase 1 of the 5G System Architecture? [3GPP Release 18],question 6115,Standards specifications,18,False,False,Option 2,option 2,option 4,1094
What is the purpose of the Ndccf_DataManagement_Subscribe service operation? [3GPP Release 18],question 6116,Standards specifications,18,True,True,Option 1,option 1,option 1,1095
What power value is recommended for loop convergence / time-frequency tracking in the IDLE/INACTIVE state? [3GPP Release 16],question 6124,Standards specifications,16,False,False,Option 2,option 4,option 5,1096
What is the purpose of exposing network capabilities to third-party ISPs/ICPs? [3GPP Release 17],question 6129,Standards specifications,17,True,True,Option 1,option 1,option 1,1097
Which of the following is not a feature that can be calibrated? [3GPP Release 18],question 6135,Standards specifications,18,False,True,Option 1,option 5,option 5,1098
Can the visited network offer additional services or access to content providers? [3GPP Release 18],question 6139,Standards specifications,18,True,True,Option 1,option 1,option 1,1099
What is the purpose of the 3GPP management system interacting with NWDAF? [3GPP Release 17],question 6147,Standards specifications,17,False,True,Option 4,option 1,option 1,1100
What is the purpose of SCC AS Restoration in IMS? [3GPP Release 14],question 6151,Standards specifications,14,True,True,Option 4,option 4,option 4,1101
How is the value for the bit in the paging indication field determined? [3GPP Release 17],question 6152,Standards specifications,17,True,True,Option 2,option 2,option 2,1102
When does the UE monitor PDCCH skipping duration? [3GPP Release 17],question 6163,Standards specifications,17,True,True,Option 3,option 3,option 3,1103
What is the composite antenna composed of? [3GPP Release 18],question 6165,Standards specifications,18,True,True,Option 3,option 3,option 3,1104
What range of transport block sizes can a Category NB2 UE support? [3GPP Release 14],question 6171,Standards overview,14,False,True,Option 2,option 1,option 1,1105
What can a 3rd party service provider request regarding data sessions with UEs? [3GPP Release 18],question 6172,Standards specifications,18,True,True,Option 3,option 3,option 3,1106
What are the two deployment scenarios considered for OAM support in LSA? [3GPP Release 14],question 6173,Standards specifications,14,True,True,Option 1,option 1,option 1,1107
What are the three types of bearer options in Dual Connectivity? [3GPP Release 17],question 6175,Standards specifications,17,True,True,Option 1,option 1,option 1,1108
Which physical channel carries Hybrid ARQ ACK/NAKs in response to uplink transmissions? [3GPP Release 17],question 6187,Standards specifications,17,True,True,Option 2,option 2,option 2,1109
Which communication pattern is suitable for event-driven actions? [3GPP Release 19],question 6189,Standards specifications,19,True,True,Option 2,option 2,option 2,1110
Which of the following is NOT a requirement for the 5G system to support direct device connection? [3GPP Release 19],question 6195,Standards specifications,19,False,True,Option 1,option 4,option 4,1111
How does Indirect 3GPP Communication impact power consumption? [3GPP Release 17],question 6196,Standards specifications,17,False,False,Option 4,option 4,option 2,1112
What is the definition of a RedCap UE? [3GPP Release 17],question 6197,Standards specifications,17,True,True,Option 1,option 1,option 1,1113
What is the primary purpose of MPS for DTS? [3GPP Release 18],question 6198,Standards specifications,18,False,True,Option 1,option 3,option 3,1114
What does the uplink rate control function in the UE manage? [3GPP Release 18],question 6204,Standards specifications,18,True,True,Option 1,option 1,option 1,1115
What is included in the UE CONTEXT SETUP REQUEST message in the Intra-CU topology adaptation procedure in SA? [3GPP Release 17],question 6206,Standards specifications,17,False,True,Option 1,option 5,option 5,1116
"In case of 15 kHz sub-carrier spacing, how many cyclic-prefix lengths are there? [3GPP Release 17]",question 6211,Standards specifications,17,True,True,Option 2,option 2,option 2,1117
What is the duration called that the UE waits for after waking up to receive PDCCHs? [3GPP Release 17],question 6212,Standards specifications,17,True,True,Option 3,option 3,option 3,1118
What information is provided by the SMF to the UPF during the N4 Session Establishment procedure? [3GPP Release 18],question 6216,Standards specifications,18,False,False,Option 2,option 1,option 3,1119
Which services apply to UEs using mobile 3GPP access for IMS Multimedia Telephony? [3GPP Release 17],question 6225,Standards specifications,17,True,True,Option 5,option 5,option 5,1120
What does the RAN visible QoE measurement function do in a split gNB architecture? [3GPP Release 17],question 6228,Standards specifications,17,True,True,Option 5,option 5,option 5,1121
What does a UE expect when receiving a DCI format with a BWP indicator field indicating an active UL BWP or DL BWP change? [3GPP Release 17],question 6233,Standards specifications,17,True,False,Option 1,option 3,option 1,1122
What is the required input for the Ndccf_ContextManagement_Update service operation? [3GPP Release 18],question 6237,Standards specifications,18,False,False,Option 2,option 1,option 4,1123
Which legacy service is not supported by the 5G system? [3GPP Release 17],question 6239,Standards specifications,17,True,True,Option 4,option 4,option 4,1124
What is the purpose of the UE CONTEXT SETUP REQUEST message in the inter-gNB-DU mobility procedure for intra-NR? [3GPP Release 17],question 6241,Standards specifications,17,True,True,Option 2,option 2,option 2,1125
"For operation with RTT-based propagation delay compensation, how can the UE be configured? [3GPP Release 17]",question 6253,Standards specifications,17,False,False,Option 3,option 3,option 1,1126
What power saving gain range is observed for the power saving scheme with PDCCH skipping or 'go-to-sleep' signal? [3GPP Release 16],question 6254,Standards specifications,16,True,False,Option 1,option 2,option 1,1127
How can an Evolved ProSe Remote UE get information about the PLMN to which a specific Evolved ProSe UE-to-Network Relay connects? [3GPP Release 17],question 6258,Standards specifications,17,True,False,Option 5,option 2,option 5,1128
What are the procedures for a Target UE’s privacy exception list? [3GPP Release 17],question 6268,Standards specifications,17,False,True,Option 2,option 1,option 1,1129
Which mode is used for multi-TRP PDCCH transmission? [3GPP Release 18],question 6272,Standards specifications,18,True,True,Option 3,option 3,option 3,1130
"In a shared UTRAN/GERAN network, what does a non-supporting UE do after reading the broadcast system information? [3GPP Release 17]",question 6277,Standards specifications,17,False,True,Option 2,option 3,option 3,1131
What is the purpose of multiple USIMs in a MUSIM UE? [3GPP Release 18],question 6286,Standards specifications,18,True,True,Option 4,option 4,option 4,1132
Which specification defines IMS support for 5GC? [3GPP Release 18],question 6296,Standards specifications,18,False,True,Option 3,option 5,option 5,1133
What is the purpose of the L2 latency reduction techniques for LTE work item? [3GPP Release 14],question 6297,Standards specifications,14,True,True,Option 4,option 4,option 4,1134
What does AS stand for in the context of PLMN selection? [3GPP Release 17],question 6300,Standards specifications,17,True,True,Option 4,option 4,option 4,1135
What does the NEF do if the mapping information is stored in UDR? [3GPP Release 18],question 6329,Standards specifications,18,True,True,Option 3,option 3,option 3,1136
What does the Child IAB-DU Restricted Beam Indication MAC CE indicate to the IAB-node? [3GPP Release 17],question 6331,Standards specifications,17,True,True,Option 3,option 3,option 3,1137
What is the purpose of the Nmfaf_3daDataManagement service? [3GPP Release 18],question 6339,Standards specifications,18,True,True,Option 1,option 1,option 1,1138
Which entity is used as an SGSN for only some GTP signalling messages in a GLR-equipped VPLMN? [3GPP Release 17],question 6354,Standards specifications,17,False,True,Option 2,option 3,option 3,1139
What are the possible ordering criteria for the list of Network Performance information? [3GPP Release 18],question 6356,Standards specifications,18,False,False,Option 2,option 2,option 1,1140
"What should the UE do when receiving an RRC message on the BCCH, CCCH, PCCH, MCCH or a PC5 RRC message on SBCCH for which the abstract syntax is invalid? [3GPP Release 17]",question 6359,Standards specifications,17,False,True,Option 3,option 1,option 1,1141
What is the purpose of providing suitable APIs to a trusted third-party in a 5G network? [3GPP Release 17],question 6360,Standards specifications,17,True,True,Option 2,option 2,option 2,1142
What does the Evolved Packet System provide for interworking between fixed access and Evolved Packet Core? [3GPP Release 17],question 6375,Standards specifications,17,False,True,Option 5,option 1,option 1,1143
Which entities can be the consumer of the Network Performance Analytics? [3GPP Release 18],question 6376,Standards specifications,18,True,True,Option 5,option 5,option 5,1144
"In Rel-17, how are user-plane resources over a 3GPP access established in supporting an MA PDU Session? [3GPP Release 17]",question 6377,Standards overview,17,True,True,Option 3,option 3,option 3,1145
Which element can use the identifier of the MSC/SGSN to determine the operator selected by a supporting UE or the operator allocated to a UE? [3GPP Release 17],question 6379,Standards specifications,17,True,False,Option 5,option 4,option 5,1146
What is the purpose of the manufacturer-assigned ID in NAS signalling? [3GPP Release 18],question 6385,Standards specifications,18,True,True,Option 5,option 5,option 5,1147
Which mode of the NF/NF Service Context Transfer Procedures includes an endpoint address? [3GPP Release 18],question 6393,Standards specifications,18,False,True,Option 1,option 2,option 2,1148
Which logical architectures correspond to LIPA? [3GPP Release 17],question 6396,Standards specifications,17,False,False,Option 1,option 1,option 3,1149
What types of data can be processed by the Management Data Analytics (MDA)? [3GPP Release 17],question 6409,Standards specifications,17,True,True,Option 4,option 4,option 4,1150
What can an Evolved ProSe UE-to-Network Relay act as? [3GPP Release 17],question 6414,Standards specifications,17,True,True,Option 2,option 2,option 2,1151
What is the purpose of a Privacy Exception List for a Target UE Subscriber? [3GPP Release 17],question 6423,Standards specifications,17,True,True,Option 4,option 4,option 4,1152
What is the purpose of UE history information in EN-DC? [3GPP Release 17],question 6425,Standards overview,17,True,True,Option 3,option 3,option 3,1153
What is the purpose of the scheduler in MAC in gNB? [3GPP Release 18],question 6432,Standards specifications,18,True,True,Option 1,option 1,option 1,1154
How many sets of 3GPP PS Data Off Exempt Services can be configured by the HPLMN operator? [3GPP Release 18],question 6446,Standards specifications,18,True,True,Option 2,option 2,option 2,1155
What are the performance objectives for the Evolved Packet System? [3GPP Release 17],question 6451,Standards specifications,17,True,True,Option 4,option 4,option 4,1156
What is the purpose of ACDC (Application Specific Congestion control for Data Communication)? [3GPP Release 18],question 6452,Standards specifications,18,False,False,Option 1,option 1,option 3,1157
What is the purpose of the ARQ functionality in the RLC sublayer? [3GPP Release 17],question 6463,Standards specifications,17,True,True,Option 5,option 5,option 5,1158
Which of the following numbering and addressing schemes are supported for IP multimedia sessions? [3GPP Release 18],question 6464,Standards specifications,18,True,True,Option 1,option 1,option 1,1159
What was the transmit diversity technique used in Rel-15 for V2X Phase 2? [3GPP Release 15],question 6470,Standards overview,15,True,True,Option 5,option 5,option 5,1160
What security measure does the 3GPP system support to protect the transmission for a V2X application? [3GPP Release 17],question 6476,Standards specifications,17,False,False,Option 1,option 2,option 3,1161
How does a supporting UE determine available core network operators in a shared network? [3GPP Release 17],question 6484,Standards specifications,17,True,True,Option 4,option 4,option 4,1162
What parameter determines the maximum energy detection threshold? [3GPP Release 17],question 6486,Standards specifications,17,False,False,Option 2,option 2,option 3,1163
What does the source RAT do in inter-RAT handover? [3GPP Release 18],question 6490,Standards specifications,18,True,True,Option 5,option 5,option 5,1164
What services enable the 5GS to interact with the Messaging Framework? [3GPP Release 18],question 6540,Standards specifications,18,True,True,Option 5,option 5,option 5,1165
What is the Access Network called in the SA architecture? [3GPP Release 18],question 6545,Standards specifications,18,False,True,Option 5,option 2,option 2,1166
What is the purpose of ProSe Discovery? [3GPP Release 17],question 6557,Standards specifications,17,True,True,Option 3,option 3,option 3,1167
What is the main distinguishing factor between UMTS QoS classes? [3GPP Release 17],question 6576,Standards specifications,17,False,False,Option 1,option 1,option 3,1168
What is the sub-carrier spacing for uplink transmission? [3GPP Release 17],question 6579,Standards specifications,17,True,True,Option 3,option 3,option 3,1169
What happens if the target RAN node cannot support the requirements in User Plane Security Enforcement information? [3GPP Release 18],question 6582,Standards specifications,18,True,False,Option 5,option 1,option 5,1170
What is the maximum range of coverage the 5G system should support in low density areas? [3GPP Release 17],question 6585,Standards specifications,17,False,True,Option 3,option 2,option 2,1171
What can influence the variations on per-instance NF load and resource usage? [3GPP Release 18],question 6587,Standards specifications,18,False,False,Option 2,option 2,option 5,1172
What is the purpose of the Support of EAP Re-authentication Protocol for WLAN Interworking feature? [3GPP Release 14],question 6590,Standards specifications,14,True,True,Option 2,option 2,option 2,1173
What is the purpose of the Early data transmission feature in NB-IoT? [3GPP Release 15],question 6592,Standards overview,15,True,True,Option 1,option 1,option 1,1174
Which reference point provides similar functionality for online charging as Ro? [3GPP Release 18],question 6596,Standards specifications,18,False,True,Option 3,option 2,option 2,1175
Which network domain does MPS primarily operate in? [3GPP Release 18],question 6597,Standards specifications,18,False,True,Option 1,option 3,option 3,1176
What is the purpose of Plug and Connect (PnC) in network management? [3GPP Release 17],question 6600,Standards overview,17,True,True,Option 1,option 1,option 1,1177
What is the purpose of Random Access Channel (RACH)? [3GPP Release 18],question 6602,Standards specifications,18,False,True,Option 5,option 4,option 4,1178
What measures does the MPS system support for interactions between interconnected networks? [3GPP Release 18],question 6603,Standards specifications,18,True,True,Option 4,option 4,option 4,1179
What is the purpose of the IM-MSC in a GLR-equipped VPLMN? [3GPP Release 17],question 6604,Standards specifications,17,False,True,Option 1,option 2,option 2,1180
What is one of the key functionalities covered by the 5G data connectivity charging solution? [3GPP Release 15],question 6609,Standards overview,15,False,True,Option 3,option 4,option 4,1181
Which entities are involved in the PDU Session establishment for supporting HR-SBO in VPLMN? [3GPP Release 18],question 6612,Standards specifications,18,True,False,Option 1,option 2,option 1,1182
What is the formula to calculate the DL and UL max data rate supported by the UE? [3GPP Release 17],question 6615,Standards specifications,17,True,True,Option 5,option 5,option 5,1183
What enhancements were introduced for reliable delivery of NIDD in Rel-14? [3GPP Release 14],question 6616,Standards overview,14,True,True,Option 1,option 1,option 1,1184
What is the purpose of the Recovery/Restoration functionality in the MPS system? [3GPP Release 18],question 6617,Standards specifications,18,True,True,Option 1,option 1,option 1,1185
Which control mechanism allows UEs configured for EAB to access the network under EAB conditions? [3GPP Release 18],question 6628,Standards specifications,18,True,True,Option 4,option 4,option 4,1186
Which sublayer is responsible for header compression and decompression? [3GPP Release 18],question 6632,Standards specifications,18,True,True,Option 3,option 3,option 3,1187
What response indicates that the MS is camped on a non-CAG cell belonging to a PLMN and is only allowed to access 5GS via CAG cells? [3GPP Release 18],question 6633,Standards specifications,18,True,True,Option 4,option 4,option 4,1188
What is the purpose of an investigation PLMN scan for a multi-mode terminal? [3GPP Release 18],question 6648,Standards specifications,18,False,True,Option 3,option 2,option 2,1189
When can CA be configured for DCP? [3GPP Release 18],question 6651,Standards specifications,18,False,False,Option 4,option 4,option 1,1190
When does a Multi-USIM UE include Paging Restriction Information in the Service Request or Registration Request message? [3GPP Release 18],question 6652,Standards specifications,18,True,True,Option 5,option 5,option 5,1191
What is the purpose of the SGNB MODIFICATION REQUIRED message in the inter-gNB-DU mobility procedure using MCG SRB in EN-DC? [3GPP Release 17],question 6661,Standards specifications,17,False,True,Option 1,option 5,option 5,1192
What is the purpose of the Semi-static CFI configuration in LTE? [3GPP Release 18],question 6663,Standards specifications,18,True,True,Option 2,option 2,option 2,1193
What are the management services required for the assessment of the energy efficiency of 5G networks? [3GPP Release 18],question 6664,Standards specifications,18,True,True,Option 4,option 4,option 4,1194
How is traffic routing influenced for a 5G VN group? [3GPP Release 18],question 6682,Standards specifications,18,False,True,Option 4,option 2,option 2,1195
What is the definition of dispatchable location? [3GPP Release 17],question 6692,Standards specifications,17,True,True,Option 1,option 1,option 1,1196
When does a UE not expect to be provided pdsch-HARQ-ACK-Codebook = semi-static for multicast HARQ-ACK information? [3GPP Release 17],question 6697,Standards specifications,17,True,True,Option 4,option 4,option 4,1197
What can the UE skip when responding to a restricted set of bands request? [3GPP Release 18],question 6698,Standards specifications,18,True,True,Option 5,option 5,option 5,1198
What is the required call type for the 3GPP circuit-switched multimedia call? [3GPP Release 18],question 6701,Standards specifications,18,True,True,Option 1,option 1,option 1,1199
What determines the completeness of charging information in IMS? [3GPP Release 18],question 6706,Standards specifications,18,False,False,Option 2,option 2,option 1,1200
What is the purpose of Access Class 10? [3GPP Release 18],question 6714,Standards specifications,18,True,True,Option 2,option 2,option 2,1201
A UE monitors PDCCH for scheduling PDSCH receptions for which types of transmissions? [3GPP Release 17],question 6721,Standards specifications,17,False,False,Option 1,option 1,option 4,1202
What is the entity that handles the user data in the 5G System architecture? [3GPP Release 15],question 6722,Standards overview,15,True,True,Option 3,option 3,option 3,1203
How can N2 overload control be achieved by the AMF? [3GPP Release 18],question 6727,Standards specifications,18,True,True,Option 2,option 2,option 2,1204
Which interface is used to support mobility and bearer management between the MME and S-GW? [3GPP Release 17],question 6735,Standards specifications,17,True,True,Option 3,option 3,option 3,1205
What is the purpose of Service Enabler Architecture Layer (SEAL)? [3GPP Release 17],question 6737,Standards overview,17,False,False,Option 3,option 3,option 1,1206
"In a shared network, how can the share of usage of the shared core network node(s) between the sharing partners be distinguished? [3GPP Release 17]",question 6739,Standards specifications,17,True,True,Option 4,option 4,option 4,1207
When does the PCF include the Duplicated notification indication in the PCC rule? [3GPP Release 18],question 6741,Standards specifications,18,False,True,Option 3,option 2,option 2,1208
What does the SN-CU-UP send to the SN-CU-CP after receiving the BEARER CONTEXT MODIFICATION REQUEST message? [3GPP Release 17],question 6744,Standards specifications,17,True,True,Option 4,option 4,option 4,1209
What type of data does NWDAF collect from AF? [3GPP Release 18],question 6750,Standards specifications,18,False,True,Option 2,option 5,option 5,1210
What is the role of the Core Network Bearer Service? [3GPP Release 17],question 6752,Standards specifications,17,False,False,Option 3,option 3,option 1,1211
What does AMF stand for in the 5G System? [3GPP Release 18],question 6755,Standards specifications,18,True,True,Option 1,option 1,option 1,1212
Which feature introduces a new type of transmission point that only transmits PRS? [3GPP Release 14],question 6759,Standards specifications,14,True,True,Option 2,option 2,option 2,1213
What is dispersion analytics? [3GPP Release 18],question 6760,Standards specifications,18,True,False,Option 4,option 3,option 4,1214
What does the NWDAF provide to the NF in response to the Nnwdaf_AnalyticsInfo_Request or Nnwdaf_AnalyticsSubscription_Subscribe Request? [3GPP Release 18],question 6762,Standards specifications,18,True,True,Option 2,option 2,option 2,1215
"In a shared UTRAN/GERAN network, what does the RAN node do when the UE is allowed to attach? [3GPP Release 17]",question 6763,Standards specifications,17,False,False,Option 4,option 2,option 1,1216
What is the purpose of the Flexible eNB-ID and Cell-ID feature in E-UTRAN? [3GPP Release 14],question 6769,Standards specifications,14,True,True,Option 4,option 4,option 4,1217
What is the common functional architecture called that supports mission critical services? [3GPP Release 14],question 6775,Standards overview,14,True,False,Option 4,option 2,option 4,1218
What is the purpose of the Fast Spherical Coverage Method? [3GPP Release 18],question 6776,Standards specifications,18,True,True,Option 4,option 4,option 4,1219
What is the aim of MINT? [3GPP Release 17],question 6777,Standards overview,17,True,True,Option 1,option 1,option 1,1220
How does the BSC indicate the selected core network operator to the CN for supporting UEs? [3GPP Release 17],question 6781,Standards specifications,17,False,False,Option 2,option 2,option 4,1221
What is the purpose of PDU Session traffic analytics? [3GPP Release 18],question 6790,Standards specifications,18,True,True,Option 2,option 2,option 2,1222
What case is described in TS 38.304 for PLMN selection? [3GPP Release 17],question 6799,Standards specifications,17,True,True,Option 5,option 5,option 5,1223
What happens during times of severe congestion when it is necessary to drop packets on a media QoS Flow? [3GPP Release 18],question 6806,Standards specifications,18,True,True,Option 3,option 3,option 3,1224
What does a UE do with a BWP inactivity timer for a cell when the timer is running? [3GPP Release 17],question 6828,Standards specifications,17,True,False,Option 3,option 2,option 3,1225
What are the conditions for network determined user busy in IMS Multimedia Telephony? [3GPP Release 17],question 6831,Standards specifications,17,True,True,Option 5,option 5,option 5,1226
What service does RRC expect from lower layers? [3GPP Release 17],question 6834,Standards specifications,17,True,True,Option 4,option 4,option 4,1227
What does CA stand for in the context of RRC? [3GPP Release 18],question 6836,Standards specifications,18,True,True,Option 5,option 5,option 5,1228
Under which conditions can the EAS re-discovery in VPLMN be triggered? [3GPP Release 18],question 6839,Standards specifications,18,True,True,Option 4,option 4,option 4,1229
What is the minimum period of message transmission supported for sidelink? [3GPP Release 14],question 6840,Standards overview,14,True,True,Option 2,option 2,option 2,1230
What is the main concern in AV production applications? [3GPP Release 17],question 6842,Standards specifications,17,True,True,Option 4,option 4,option 4,1231
Which component provides priority handling for the Initial UE Message during Registration procedures? [3GPP Release 18],question 6856,Standards specifications,18,True,True,Option 5,option 5,option 5,1232
Which aspects of the Model Training function are out of RAN3 scope? [3GPP Release 17],question 6859,Standards specifications,17,False,False,Option 4,option 4,option 3,1233
Which function receives charging events from the CTF? [3GPP Release 18],question 6877,Standards specifications,18,False,True,Option 3,option 5,option 5,1234
What is the default treatment for positioning requests? [3GPP Release 17],question 6882,Standards specifications,17,False,False,Option 4,option 4,option 2,1235
Which models are constructed for LOS channel profiles? [3GPP Release 18],question 6888,Standards specifications,18,True,False,Option 3,option 1,option 3,1236
What is the MPS code/identifier used for? [3GPP Release 18],question 6889,Standards specifications,18,False,True,Option 3,option 4,option 4,1237
When can the UE trigger reporting of its RLM and BFD relaxation status? [3GPP Release 17],question 6901,Standards specifications,17,True,True,Option 1,option 1,option 1,1238
What is the purpose of the Mobile Communication System for Railways? [3GPP Release 15],question 6909,Standards overview,15,True,True,Option 4,option 4,option 4,1239
What are the possible classifications of OFDM symbols in a slot in a downlink frame? [3GPP Release 17],question 6912,Standards specifications,17,True,False,Option 2,option 1,option 2,1240
"What is the purpose of sequence and cyclic shift hopping in PUCCH formats 0, 1, 3, and 4? [3GPP Release 17]",question 6923,Standards specifications,17,False,False,Option 1,option 1,option 4,1241
What is the purpose of the BEARER CONTEXT SETUP REQUEST message in the UE Initial Access procedure? [3GPP Release 17],question 6939,Standards specifications,17,True,True,Option 1,option 1,option 1,1242
"In a 5G system with satellite access, what information should charging call records associated with satellite access include? [3GPP Release 17]",question 6956,Standards specifications,17,False,True,Option 4,option 1,option 1,1243
Is a cell in energySaving state considered as a cell outage or a fault condition? [3GPP Release 18],question 6963,Standards specifications,18,True,True,Option 2,option 2,option 2,1244
What is the purpose of the work item for Non-IP for Cellular IoT for EC-EGPRS? [3GPP Release 14],question 6965,Standards overview,14,False,False,Option 2,option 2,option 1,1245
What is the role of the Edge Enabler Server (EES) in enabling edge applications? [3GPP Release 17],question 6972,Standards overview,17,True,True,Option 3,option 3,option 3,1246
What is one of the requirements for differentiated paging in the Evolved Packet System? [3GPP Release 17],question 6977,Standards specifications,17,False,False,Option 3,option 3,option 5,1247
What does MPS prioritize in the PS domain when the network does not support the requested service? [3GPP Release 18],question 6991,Standards specifications,18,True,False,Option 4,option 2,option 4,1248
What modifications were made to PC5 for V2V use cases? [3GPP Release 14],question 6995,Standards overview,14,True,True,Option 4,option 4,option 4,1249
Which identifier is used to uniquely identify the UE within the AMF? [3GPP Release 18],question 7005,Standards specifications,18,False,True,Option 1,option 5,option 5,1250
Under what conditions will a UE provide a valid CSI report for the n-th triggered report? [3GPP Release 17],question 7012,Standards specifications,17,False,False,Option 2,option 2,option 1,1251
"What does ThreshBackhRateDLWLAN, Low represent? [3GPP Release 17]",question 7022,Standards specifications,17,False,False,Option 4,option 4,option 5,1252
What is the duration of a frame in the downlink? [3GPP Release 18],question 7024,Standards specifications,18,False,False,Option 1,option 1,option 4,1253
When can RLM and BFD relaxation be enabled? [3GPP Release 17],question 7027,Standards specifications,17,True,True,Option 2,option 2,option 2,1254
What is the maximum rank supported with slot/subslot PDSCH repetition in LTE? [3GPP Release 18],question 7028,Standards specifications,18,False,True,Option 4,option 2,option 2,1255
What assistance information may reduce UE's power consumption? [3GPP Release 16],question 7045,Standards specifications,16,True,True,Option 4,option 4,option 4,1256
What are the RRM requirements enhancements introduced in Rel-16 for connected mode at a velocity of 500km/h? [3GPP Release 16],question 7056,Standards overview,16,True,True,Option 5,option 5,option 5,1257
What happens to a call on hold after voice call continuity has been performed? [3GPP Release 18],question 7063,Standards specifications,18,True,True,Option 2,option 2,option 2,1258
What is the purpose of Time Sensitive Communication Assistance Information (TSCAI) in the support of NR Industrial Internet of Things? [3GPP Release 16],question 7070,Standards overview,16,False,True,Option 3,option 2,option 2,1259
Which high-level EE KPIs are used to calculate the energy efficiency of 5G networks? [3GPP Release 18],question 7077,Standards specifications,18,False,False,Option 2,option 2,option 1,1260
What is VarPendingRNA-Update used for? [3GPP Release 17],question 7085,Standards specifications,17,True,True,Option 5,option 5,option 5,1261
Which types of requirements are defined for Enhanced Mobile Broadband (eMBB) in 5G? [3GPP Release 15],question 7090,Standards overview,15,True,True,Option 3,option 3,option 3,1262
What determines the redundancy handling of a PDU Session in URLLC? [3GPP Release 18],question 7093,Standards specifications,18,False,True,Option 5,option 1,option 1,1263
What lists can be stored on the SIM/USIM card for network selection? [3GPP Release 18],question 7094,Standards specifications,18,False,False,Option 1,option 1,option 3,1264
Which architecture can support local breakout roaming? [3GPP Release 18],question 7095,Standards specifications,18,False,False,Option 3,option 3,option 4,1265
What does the gNB-DU include in the UE CONTEXT SETUP RESPONSE message? [3GPP Release 17],question 7136,Standards specifications,17,True,True,Option 2,option 2,option 2,1266
"In Rel-17, how are load-balancing split percentages determined? [3GPP Release 17]",question 7148,Standards overview,17,True,True,Option 3,option 3,option 3,1267
What message does the UE send to initiate the initial access procedure? [3GPP Release 17],question 7160,Standards specifications,17,True,True,Option 3,option 3,option 3,1268
What is the purpose of IOI concept in inter-operator charging? [3GPP Release 18],question 7164,Standards specifications,18,False,True,Option 2,option 3,option 3,1269
What is the purpose of the Backbone Network Service? [3GPP Release 17],question 7166,Standards specifications,17,False,False,Option 3,option 3,option 4,1270
Which 5G usage includes the operational aspects that apply to the wide range of IoT devices and services anticipated in the 5G timeframe? [3GPP Release 18],question 7171,Standards specifications,18,True,True,Option 4,option 4,option 4,1271
When is the location request processed with the highest priority level? [3GPP Release 17],question 7173,Standards specifications,17,True,True,Option 2,option 2,option 2,1272
What is the impact on latency with the reduction of antenna ports? [3GPP Release 18],question 7180,Standards specifications,18,True,True,Option 3,option 3,option 3,1273
What is the range of frequencies for the operating band unwanted emissions? [3GPP Release 18],question 7188,Standards specifications,18,False,False,Option 1,option 1,option 2,1274
What is the purpose of a Local Coordinate System (LCS) in the context of a Global Coordinate System (GCS)? [3GPP Release 17],question 7194,Standards specifications,17,False,False,Option 3,option 2,option 5,1275
Which type of IOI is used between the home IMS network operator and a service provider? [3GPP Release 18],question 7199,Standards specifications,18,False,True,Option 1,option 3,option 3,1276
What is the purpose of the NSSRG information in UE subscription? [3GPP Release 17],question 7209,Standards overview,17,True,True,Option 1,option 1,option 1,1277
What is the purpose of the Paging Restriction feature in Multi-USIM? [3GPP Release 17],question 7210,Standards overview,17,True,True,Option 4,option 4,option 4,1278
Which 3GPP specification specifies the security aspects of application layer support of the Edge Applications? [3GPP Release 17],question 7222,Standards overview,17,True,True,Option 4,option 4,option 4,1279
What is the channel coding scheme used for transport blocks in LTE? [3GPP Release 17],question 7242,Standards specifications,17,False,False,Option 1,option 1,option 3,1280
Where is the Charging Trigger Function (CTF) located in the distributed CTF architecture for offline charging? [3GPP Release 18],question 7252,Standards specifications,18,False,False,Option 4,option 4,option 1,1281
Which physical channel carries the uplink scheduling grant and the sidelink scheduling grant? [3GPP Release 17],question 7255,Standards specifications,17,True,False,Option 4,option 3,option 4,1282
What is the purpose of IUC in NR Sidelink enhancement? [3GPP Release 17],question 7261,Standards overview,17,True,True,Option 2,option 2,option 2,1283
Which measurements are agreed to be introduced for SL Positioning using SL PRS measurements? [3GPP Release 18],question 7267,Standards specifications,18,False,False,Option 2,option 2,option 4,1284
What can an NG-RAN node do with the paging enhancements mechanism? [3GPP Release 18],question 7274,Standards specifications,18,False,True,Option 2,option 3,option 3,1285
How is V2X authorization between the UE and the V2X Control Function conducted? [3GPP Release 14],question 7278,Standards overview,14,False,True,Option 2,option 3,option 3,1286
What happens if the UE ignores the scheduling DCI when the first uplink symbol to carry the corresponding CSI report(s) starts earlier than at symbol Zref? [3GPP Release 17],question 7288,Standards specifications,17,False,True,Option 4,option 1,option 1,1287
When is AS security applied in the SDT procedure? [3GPP Release 18],question 7296,Standards specifications,18,False,False,Option 1,option 4,option 2,1288
What needs to be changed or added based on the analytics information of Application AI/ML traffic transmission status? [3GPP Release 18],question 7307,Standards specifications,18,False,True,Option 3,option 2,option 2,1289
What is the typical height of base stations in the UMi scenario? [3GPP Release 17],question 7310,Standards specifications,17,False,False,Option 5,option 5,option 1,1290
What is the main characteristic of 5G? [3GPP Release 15],question 7311,Standards overview,15,True,True,Option 3,option 3,option 3,1291
What information does the EAS address and DNAI Mapping Information record in UDR provide? [3GPP Release 18],question 7315,Standards specifications,18,False,False,Option 3,option 3,option 2,1292
What is the purpose of the gNB-CU in the NG-RAN architecture? [3GPP Release 17],question 7330,Standards specifications,17,False,False,Option 3,option 3,option 1,1293
What does the SL-AccessInfo-L2U2N-r17 IE include? [3GPP Release 17],question 7333,Standards specifications,17,True,True,Option 1,option 1,option 1,1294
What are the observed ranges of BS energy savings when SSB and/or SIB is saved from one carrier of two carriers? [3GPP Release 18],question 7335,Standards specifications,18,True,True,Option 1,option 1,option 1,1295
What is the purpose of the Transport of NAS Messages in RRC? [3GPP Release 18],question 7339,Standards specifications,18,True,True,Option 1,option 1,option 1,1296
Which IE shall be included in the Attach request message if the MS supports at least one positioning method for the provision of location services (LCS) via the PS domain in Gb-mode? [3GPP Release 18],question 7340,Standards specifications,18,True,True,Option 4,option 4,option 4,1297
What are the three aspects that voice and video enhancements in RAN2 and RAN3 focus on? [3GPP Release 14],question 7346,Standards overview,14,True,True,Option 1,option 1,option 1,1298
Who can obtain priority access to the next available radio channel in MPS? [3GPP Release 18],question 7365,Standards specifications,18,True,True,Option 3,option 3,option 3,1299
What is the maximum number of MR-DC combinations for IDC? [3GPP Release 17],question 7370,Standards specifications,17,False,False,Option 4,option 4,option 3,1300
What types of LCS responses are there? [3GPP Release 17],question 7378,Standards specifications,17,True,True,Option 1,option 1,option 1,1301
Which statement is true regarding the IMS Multimedia Telephony service? [3GPP Release 17],question 7383,Standards specifications,17,True,True,Option 2,option 2,option 2,1302
What can the Hosting E-UTRAN/NG-RAN Operator control in terms of resource usage? [3GPP Release 18],question 7385,Standards specifications,18,False,False,Option 4,option 4,option 1,1303
What functions are supported by the HeNB GW? [3GPP Release 17],question 7392,Standards specifications,17,True,True,Option 5,option 5,option 5,1304
What is the purpose of the Media Handling Extensions of IMS-based Telepresence work item? [3GPP Release 14],question 7397,Standards specifications,14,True,True,Option 3,option 3,option 3,1305
What does the tdd-UL-DL-ConfigurationCommon provide? [3GPP Release 17],question 7399,Standards specifications,17,False,False,Option 1,option 3,option 2,1306
Are there any impacts on legacy UEs if the spatial element adaptation is used on a UE-specific basis? [3GPP Release 18],question 7408,Standards specifications,18,True,True,Option 2,option 2,option 2,1307
What is the purpose of QoS Monitoring in the enhancement of URLLC support in the 5G Core network? [3GPP Release 16],question 7409,Standards overview,16,False,True,Option 2,option 1,option 1,1308
Which specification defines the functions of NG-RAN? [3GPP Release 17],question 7411,Standards specifications,17,True,True,Option 3,option 3,option 3,1309
How is the packet delay measured for a QoS Flow in URLLC? [3GPP Release 18],question 7415,Standards specifications,18,False,False,Option 1,option 1,option 3,1310
How are physical resource blocks defined? [3GPP Release 17],question 7420,Standards specifications,17,True,True,Option 3,option 3,option 3,1311
What can a UE be provided for scrambling the CRC of multicast DCI formats for scheduling PDSCH receptions? [3GPP Release 17],question 7428,Standards specifications,17,False,False,Option 2,option 2,option 1,1312
Which document contains the requirements needed for the 5G system to support 5G LAN-type services? [3GPP Release 16],question 7429,Standards overview,16,True,True,Option 1,option 1,option 1,1313
Under what conditions can target UEs making an emergency call be positioned? [3GPP Release 17],question 7435,Standards specifications,17,False,False,Option 1,option 1,option 3,1314
How does a supporting UE select a core network operator to serve it in a shared network? [3GPP Release 17],question 7439,Standards specifications,17,True,True,Option 2,option 2,option 2,1315
"For V2X communication over LTE-Uu, how can a UE receive V2X messages? [3GPP Release 14]",question 7445,Standards overview,14,True,True,Option 3,option 3,option 3,1316
What factors does the 5G-AN node consider for selecting a TNL association for the AMF for the initial N2 message? [3GPP Release 18],question 7446,Standards specifications,18,True,True,Option 3,option 3,option 3,1317
What is a mobile base station relay? [3GPP Release 17],question 7453,Standards specifications,17,False,True,Option 2,option 1,option 1,1318
What is the maximum inter-site distance supported by the 5G system for a stand-alone multicast/broadcast network? [3GPP Release 17],question 7463,Standards specifications,17,False,True,Option 2,option 3,option 3,1319
What does the PCF do in relation to monitoring data rate per Network Slice? [3GPP Release 17],question 7464,Standards overview,17,True,True,Option 1,option 1,option 1,1320
What type of measurement does the UE need to perform for cell selection and intra-frequency reselection in sidelink operation? [3GPP Release 17],question 7470,Standards specifications,17,True,True,Option 3,option 3,option 3,1321
What message does the eNB send to perform redirection to another E-UTRAN frequency? [3GPP Release 14],question 7471,Standards overview,14,False,False,Option 2,option 2,option 5,1322
What is the impact on UE power consumption with the reduction of TRPs? [3GPP Release 18],question 7476,Standards specifications,18,True,False,Option 3,option 5,option 3,1323
What does the SMF determine when it receives notification on the requested analytics from the NWDAF? [3GPP Release 18],question 7477,Standards specifications,18,False,True,Option 3,option 5,option 5,1324
What does NEF do after receiving the DNAI mapping information from UDR? [3GPP Release 18],question 7478,Standards specifications,18,True,True,Option 3,option 3,option 3,1325
What is the focus of the work item on Handsets Featuring Non-Traditional Earpieces? [3GPP Release 17],question 7479,Standards overview,17,True,True,Option 5,option 5,option 5,1326
What is the primary service state selected after power on? [3GPP Release 18],question 7482,Standards specifications,18,False,False,Option 2,option 4,option 3,1327
What may the NWDAF containing MTLF do if ML Model accuracy degradation is detected? [3GPP Release 18],question 7487,Standards specifications,18,True,True,Option 4,option 4,option 4,1328
What is the purpose of the Coverage and Handoff Enhancements for Multimedia (CHEM) feature? [3GPP Release 16],question 7488,Standards overview,16,False,True,Option 3,option 1,option 1,1329
Which scenario is intended to capture real-life scenarios such as a city or station square? [3GPP Release 18],question 7493,Standards specifications,18,False,True,Option 2,option 1,option 1,1330
What is the purpose of Control and User Plane Separation of EPC nodes in LTE? [3GPP Release 14],question 7497,Standards specifications,14,False,True,Option 5,option 3,option 3,1331
Where are the relevant procedures for Disaster Roaming service updated? [3GPP Release 17],question 7503,Standards overview,17,True,False,Option 1,option 2,option 1,1332
What is the purpose of Bandwidth Adaptation (BA)? [3GPP Release 18],question 7506,Standards specifications,18,True,True,Option 1,option 1,option 1,1333
What is the purpose of the SMF Service Context Transfer procedures? [3GPP Release 18],question 7509,Standards specifications,18,True,False,Option 5,option 2,option 5,1334
Which message does the gNB-DU respond with to the UE after receiving the RRCRelease message? [3GPP Release 17],question 7511,Standards specifications,17,True,True,Option 2,option 2,option 2,1335
What is the function of the Visitor Location Register (VLR)? [3GPP Release 17],question 7515,Standards specifications,17,False,False,Option 5,option 5,option 4,1336
What is the difference between reliability and communication service availability? [3GPP Release 19],question 7517,Standards specifications,19,True,True,Option 3,option 3,option 3,1337
What is the purpose of the General requirements in the application layer architecture? [3GPP Release 18],question 7518,Standards specifications,18,False,False,Option 2,option 2,option 1,1338
Which identity is used for unique UE identification and scheduling? [3GPP Release 17],question 7520,Standards specifications,17,True,True,Option 5,option 5,option 5,1339
What are the supported features for Multi-USIM UE operation? [3GPP Release 18],question 7533,Standards specifications,18,True,True,Option 5,option 5,option 5,1340
What is the finest granularity of QoS differentiation at NAS level? [3GPP Release 18],question 7534,Standards specifications,18,False,True,Option 1,option 4,option 4,1341
Which 3GPP specification captures the segmentation mechanism for NR? [3GPP Release 16],question 7542,Standards overview,16,True,True,Option 3,option 3,option 3,1342
Which mode does the Intra-CU Backhaul RLF recovery procedure apply to? [3GPP Release 17],question 7546,Standards specifications,17,True,True,Option 4,option 4,option 4,1343
Which work item of Rel-14 specified the V2X communication to provide basic safety services? [3GPP Release 15],question 7552,Standards overview,15,True,True,Option 2,option 2,option 2,1344
What are the steps involved in the procedure for NWDAF to derive slice load analytics? [3GPP Release 18],question 7561,Standards specifications,18,False,False,Option 1,option 1,option 2,1345
What is the recommended behavior for a UE regarding excessive signaling load during the Paging Timing Collision Control procedure? [3GPP Release 18],question 7568,Standards specifications,18,True,True,Option 1,option 1,option 1,1346
What improvements does LTE Rel-13 introduce for machine-type communications (MTC)? [3GPP Release 14],question 7576,Standards overview,14,True,True,Option 4,option 4,option 4,1347
What are cyber-physical systems? [3GPP Release 19],question 7577,Standards specifications,19,True,True,Option 3,option 3,option 3,1348
How is SIPTO@LN PDN connection released in case of a handover with collocated L-GW? [3GPP Release 17],question 7587,Standards specifications,17,False,False,Option 3,option 3,option 5,1349
What are the supported measurement gaps for DL PRS and NR/LTE RRM measurements in Rel-16? [3GPP Release 16],question 7595,Standards overview,16,False,True,Option 2,option 3,option 3,1350
What does the UE consider the term 'radio bearer' (RB) to cover? [3GPP Release 17],question 7601,Standards specifications,17,True,True,Option 4,option 4,option 4,1351
What is the process of distributed/federated learning over the 5G system? [3GPP Release 17],question 7605,Standards specifications,17,True,True,Option 1,option 1,option 1,1352
What distribution is used to generate delays for random clusters in Step 5 of the channel generation procedure? [3GPP Release 17],question 7607,Standards specifications,17,True,True,Option 2,option 2,option 2,1353
What is the process of allocating the core network operator to a UE in the CSFB scenario? [3GPP Release 17],question 7608,Standards specifications,17,True,True,Option 3,option 3,option 3,1354
What criteria are considered for periodic network selection attempts? [3GPP Release 18],question 7614,Standards specifications,18,True,False,Option 2,option 4,option 2,1355
In what scenarios may the network operator reduce network traffic further without reducing the Quality of Service (QoS)? [3GPP Release 17],question 7622,Standards specifications,17,True,False,Option 5,option 4,option 5,1356
What is the primary cell (PCell) in the context of RRC? [3GPP Release 18],question 7629,Standards specifications,18,False,True,Option 1,option 4,option 4,1357
What is HARQ-ACK bundling? [3GPP Release 14],question 7635,Standards overview,14,True,True,Option 2,option 2,option 2,1358
When can Path update signaling related to Dual Connectivity and UPF re-allocation occur? [3GPP Release 18],question 7636,Standards specifications,18,False,False,Option 3,option 3,option 4,1359
When does the gNB-CU trigger the UE Context Setup procedure? [3GPP Release 17],question 7640,Standards specifications,17,True,True,Option 2,option 2,option 2,1360
What is the purpose of the User Identifier in the context of Network Slice-Specific Authentication and Authorization? [3GPP Release 16],question 7650,Standards overview,16,True,True,Option 1,option 1,option 1,1361
What are some of the enhancements considered for the development of eCAPIF in Release 16? [3GPP Release 16],question 7654,Standards overview,16,True,True,Option 5,option 5,option 5,1362
Which component handles the request for prioritized QoS Flows for Mobile Originations? [3GPP Release 18],question 7657,Standards specifications,18,False,True,Option 4,option 2,option 2,1363
What is the purpose of inter-level correlation? [3GPP Release 18],question 7658,Standards specifications,18,True,False,Option 2,option 4,option 2,1364
What is the purpose of the handover to NR procedure? [3GPP Release 17],question 7662,Standards specifications,17,True,False,Option 3,option 2,option 3,1365
Which interface is used to transfer control plane protocol between the E-UTRAN and MME? [3GPP Release 17],question 7667,Standards specifications,17,True,True,Option 1,option 1,option 1,1366
What do the delay profiles represent in the multi-path fading propagation conditions? [3GPP Release 18],question 7677,Standards specifications,18,True,True,Option 3,option 3,option 3,1367
Which measurement is used to calculate the energy efficiency of MIoT network slice based on the number of active UEs? [3GPP Release 18],question 7681,Standards specifications,18,True,True,Option 4,option 4,option 4,1368
What determines the EDN service area? [3GPP Release 18],question 7691,Standards specifications,18,True,True,Option 4,option 4,option 4,1369
What are the characteristics of conversational services? [3GPP Release 18],question 7699,Standards specifications,18,True,True,Option 1,option 1,option 1,1370
What does the term 'serving cell' refer to when the procedures are applied for MCG? [3GPP Release 17],question 7703,Standards specifications,17,True,True,Option 2,option 2,option 2,1371
When can the SDT procedure over CG resources be initiated? [3GPP Release 18],question 7709,Standards specifications,18,False,True,Option 2,option 1,option 1,1372
"Which interface is used to carry information concerning BSS management, call handling, and mobility management between the MSC and BSS? [3GPP Release 17]",question 7711,Standards specifications,17,True,True,Option 3,option 3,option 3,1373
Which network function is responsible for authentication and authorization? [3GPP Release 18],question 7721,Standards specifications,18,True,True,Option 3,option 3,option 3,1374
What is the designated interface for V2V communications? [3GPP Release 14],question 7727,Standards overview,14,True,True,Option 3,option 3,option 3,1375
What are the two modes of operation for V2X communication? [3GPP Release 14],question 7739,Standards overview,14,True,True,Option 1,option 1,option 1,1376
What is the purpose of QoS monitoring for assurance? [3GPP Release 17],question 7740,Standards specifications,17,True,True,Option 1,option 1,option 1,1377
What does a supporting UE display as the network name in a shared network? [3GPP Release 17],question 7742,Standards specifications,17,False,False,Option 3,option 3,option 4,1378
What are the different types of requirements for different 5G usages? [3GPP Release 18],question 7753,Standards specifications,18,True,True,Option 1,option 1,option 1,1379
What is the maximum relative velocity at which messages can be transferred between UEs supporting V2V applications? [3GPP Release 17],question 7756,Standards specifications,17,True,True,Option 3,option 3,option 3,1380
What does the Ndccf_DataManagement_Notify service operation do? [3GPP Release 18],question 7762,Standards specifications,18,True,True,Option 3,option 3,option 3,1381
What does the AULC feature improve? [3GPP Release 14],question 7769,Standards specifications,14,True,True,Option 3,option 3,option 3,1382
What is the process of verifying if a Service User is authorized for MPS called? [3GPP Release 18],question 7773,Standards specifications,18,True,True,Option 4,option 4,option 4,1383
Which of the following is a requirement for ensuring security in ranging services? [3GPP Release 17],question 7775,Standards specifications,17,True,True,Option 2,option 2,option 2,1384
What is a Feature Set combination? [3GPP Release 18],question 7782,Standards specifications,18,True,True,Option 3,option 3,option 3,1385
What is periodic location reporting? [3GPP Release 17],question 7785,Standards specifications,17,True,True,Option 2,option 2,option 2,1386
What is the purpose of the 'Subscribe-notify' communication paradigm in management service interactions? [3GPP Release 17],question 7787,Standards specifications,17,True,True,Option 4,option 4,option 4,1387
What is the objective of enhancing the interactions between 3GPP management system and supporting external management systems in the context of 5G Trace management? [3GPP Release 15],question 7788,Standards overview,15,False,True,Option 5,option 1,option 1,1388
What protocol is IP multimedia session control based on? [3GPP Release 18],question 7803,Standards specifications,18,True,True,Option 2,option 2,option 2,1389
What action does the AMF take when the updated subscription data indicates that the UE is not allowed to roam in the network? [3GPP Release 18],question 7804,Standards specifications,18,True,True,Option 2,option 2,option 2,1390
What is the value of ∆thermal used in the Noc methodology? [3GPP Release 18],question 7810,Standards specifications,18,False,True,Option 2,option 1,option 1,1391
What happens when the DNAI mapping information is changed in the UDR? [3GPP Release 18],question 7827,Standards specifications,18,True,True,Option 3,option 3,option 3,1392
"In a gNB-DU, what is the purpose of an MRB context? [3GPP Release 17]",question 7828,Standards specifications,17,True,True,Option 3,option 3,option 3,1393
What is the purpose of the Ndccf_DataManagement_Fetch service operation? [3GPP Release 18],question 7830,Standards specifications,18,True,True,Option 4,option 4,option 4,1394
What is the purpose of the PDN-Connection-Continuity subscription parameter? [3GPP Release 14],question 7837,Standards overview,14,True,True,Option 3,option 3,option 3,1395
Which interface is the reference point for mobility management and paging procedures between EPS and CS domain? [3GPP Release 17],question 7839,Standards specifications,17,True,True,Option 4,option 4,option 4,1396
What inputs are required for the Nmfaf_3caDataManagement_Fetch service operation? [3GPP Release 18],question 7853,Standards specifications,18,False,False,Option 3,option 3,option 4,1397
What is the purpose of the Nadrf_MLModelManagement_Retrieval Request service operation? [3GPP Release 18],question 7861,Standards specifications,18,True,True,Option 2,option 2,option 2,1398
Where are the non-roaming and roaming architectures to support Location Services defined? [3GPP Release 18],question 7862,Standards specifications,18,True,True,Option 2,option 2,option 2,1399
Which symbols are included in the last slots of a slot configuration period? [3GPP Release 17],question 7866,Standards specifications,17,False,False,Option 3,option 3,option 2,1400
What does the Operator controlled signal threshold per access technology specify for network selection? [3GPP Release 18],question 7868,Standards specifications,18,True,True,Option 4,option 4,option 4,1401
Which standard provides the specification for interworking between the IMS domain and the CS domain? [3GPP Release 17],question 7873,Standards specifications,17,True,True,Option 3,option 3,option 3,1402
Which solutions have been specified to support highly reliable and low latency communication for LTE? [3GPP Release 18],question 7875,Standards specifications,18,False,False,Option 2,option 2,option 1,1403
Which interface is used between two eNBs? [3GPP Release 17],question 7877,Standards specifications,17,True,True,Option 5,option 5,option 5,1404
Which protocol(s) crossing the Ro reference point should support real-time transactions? [3GPP Release 18],question 7878,Standards specifications,18,False,False,Option 2,option 2,option 4,1405
How does the gNB allocate downlink resources for initial HARQ transmissions to UEs? [3GPP Release 17],question 7881,Standards specifications,17,False,True,Option 3,option 4,option 4,1406
Which transmission scheme is used for PDSCH? [3GPP Release 18],question 7884,Standards specifications,18,False,False,Option 2,option 4,option 3,1407
Which mode does the CGF use to transfer CDR files to the BD? [3GPP Release 18],question 7905,Standards specifications,18,False,True,Option 1,option 3,option 3,1408
What is the purpose of PC5-RRC in NR V2X sidelink? [3GPP Release 16],question 7913,Standards overview,16,False,False,Option 4,option 4,option 3,1409
What does the abbreviation (g)PTP stand for? [3GPP Release 18],question 7923,Standards specifications,18,True,True,Option 2,option 2,option 2,1410
What is the basic unit to perform channel sensing? [3GPP Release 17],question 7926,Standards specifications,17,True,True,Option 2,option 2,option 2,1411
What happens when a PDU Session with UP confidentiality protection set to Required is handed over to EPS? [3GPP Release 18],question 7929,Standards specifications,18,False,False,Option 3,option 4,option 5,1412
What does NG-RAN stand for? [3GPP Release 17],question 7935,Standards specifications,17,True,True,Option 4,option 4,option 4,1413
Which project was developed at the Fraunhofer Heinrich Hertz Institute to enable the modeling of MIMO radio channels for specific network configurations? [3GPP Release 18],question 7944,Standards specifications,18,True,True,Option 3,option 3,option 3,1414
In which phase does MDA identify ongoing issues and potential risks? [3GPP Release 17],question 7956,Standards specifications,17,False,False,Option 2,option 1,option 5,1415
What does MCG stand for in 5G? [3GPP Release 15],question 7960,Standards overview,15,True,True,Option 1,option 1,option 1,1416
How can the K-factor of LOS channel models be changed? [3GPP Release 17],question 7962,Standards specifications,17,True,False,Option 3,option 5,option 3,1417
What does the NWDAF provide to the consumer when the congestion level crosses the threshold? [3GPP Release 18],question 7974,Standards specifications,18,False,True,Option 2,option 3,option 3,1418
What operation does the UDM use to acknowledge the UE-AMF received the Steering of Roaming information? [3GPP Release 18],question 7975,Standards specifications,18,False,False,Option 1,option 1,option 2,1419
What resource set does a RedCap UE use to transmit PUCCH if it is not provided initialUplinkBWP-RedCap in UplinkConfigCommonSIB and does not have dedicated PUCCH resource configuration? [3GPP Release 17],question 7980,Standards specifications,17,False,True,Option 2,option 5,option 5,1420
What is the purpose of the Intra-CU Backhaul RLF recovery procedure for IAB-nodes in SA mode? [3GPP Release 17],question 7984,Standards specifications,17,True,True,Option 4,option 4,option 4,1421
What is the purpose of GNSS in V2V communications? [3GPP Release 14],question 7985,Standards overview,14,True,True,Option 1,option 1,option 1,1422
Which logical channel is used for transmitting control information between UEs and the network? [3GPP Release 18],question 7998,Standards specifications,18,True,True,Option 3,option 3,option 3,1423
What is the max SNR increase for 66 PRB allocation compared to 264 PRBs? [3GPP Release 18],question 7999,Standards specifications,18,False,False,Option 2,option 3,option 4,1424
What is the term used for HARQ-ACK information associated with multicast DCI formats or multicast PDSCH receptions? [3GPP Release 17],question 8000,Standards specifications,17,True,True,Option 3,option 3,option 3,1425
How can power saving be achieved in RRC_IDLE and RRC_INACTIVE? [3GPP Release 18],question 8003,Standards specifications,18,False,True,Option 4,option 3,option 3,1426
How does the network provide the paging cause field for voice service to a Multi-USIM UE? [3GPP Release 17],question 8027,Standards overview,17,False,False,Option 2,option 2,option 5,1427
What determines the configuration of Dual Connectivity for a Data Radio Bearer? [3GPP Release 18],question 8028,Standards specifications,18,False,False,Option 1,option 1,option 2,1428
"What does a '0' value for a bit of the bitmap, provided by dormancyGroupWithinActiveTime, indicate? [3GPP Release 17]",question 8030,Standards specifications,17,False,True,Option 2,option 3,option 3,1429
What is the composition of low and high loss dependent on? [3GPP Release 18],question 8036,Standards specifications,18,True,True,Option 4,option 4,option 4,1430
What RRC states can additional resources be used for RRM measurements? [3GPP Release 16],question 8054,Standards specifications,16,True,True,Option 4,option 4,option 4,1431
How are transactions dispersion analytics calculated? [3GPP Release 18],question 8063,Standards specifications,18,False,True,Option 4,option 1,option 1,1432
When does a mobile station enter the GMM-DEREGISTERED state? [3GPP Release 18],question 8064,Standards specifications,18,False,False,Option 3,option 2,option 4,1433
How many PRBs are supported on a carrier? [3GPP Release 18],question 8071,Standards specifications,18,True,True,Option 1,option 1,option 1,1434
What happens if the active UICC is removed from the mobile terminal during a call? [3GPP Release 18],question 8074,Standards specifications,18,True,True,Option 2,option 2,option 2,1435
What does AULC decouple between the PCRF and the OCS? [3GPP Release 14],question 8077,Standards specifications,14,True,True,Option 3,option 3,option 3,1436
What is the power saving gain range for the power saving schemes with UE adaptation to BWP switching? [3GPP Release 16],question 8082,Standards specifications,16,False,False,Option 2,option 2,option 4,1437
What media capabilities are included in the IMS Multimedia Telephony service? [3GPP Release 17],question 8085,Standards specifications,17,True,True,Option 4,option 4,option 4,1438
"Which specifications define the charging scenario, charging functionalities, and the Message format of the Common Data structure of Charging Data in the 5G system architecture? [3GPP Release 15]",question 8086,Standards overview,15,False,False,Option 2,option 2,option 1,1439
What can be used for intra-system inter-RAT handover if the UE is connected to the 5GC of the source E-UTRA cell? [3GPP Release 17],question 8096,Standards specifications,17,False,False,Option 3,option 3,option 1,1440
What aspect of VoLTE roaming with S8HR architecture did the SA3-LI Study Item 'FS_LIV8' focus on? [3GPP Release 14],question 8101,Standards overview,14,True,True,Option 4,option 4,option 4,1441
What is required for the provision of location services without impacting the network's capabilities? [3GPP Release 17],question 8108,Standards specifications,17,True,True,Option 3,option 3,option 3,1442
Which physical layer processing step includes LDPC coding? [3GPP Release 17],question 8110,Standards specifications,17,False,True,Option 4,option 3,option 3,1443
What services does the UMTS Bearer Service consist of? [3GPP Release 17],question 8111,Standards specifications,17,True,True,Option 1,option 1,option 1,1444
What does the UE provide to the AS for slice aware cell reselection? [3GPP Release 17],question 8114,Standards overview,17,False,False,Option 2,option 2,option 5,1445
What is the interfering signal for the dynamic range requirement? [3GPP Release 18],question 8117,Standards specifications,18,False,True,Option 4,option 3,option 3,1446
What is the purpose of AKMA TLS protocol profiles? [3GPP Release 17],question 8123,Standards overview,17,True,True,Option 1,option 1,option 1,1447
What is the purpose of the SN Addition Request message? [3GPP Release 17],question 8136,Standards specifications,17,True,True,Option 5,option 5,option 5,1448
When can a gNB transmit a DL transmission(s) on a channel after initiating a channel occupancy? [3GPP Release 17],question 8138,Standards specifications,17,False,False,Option 2,option 1,option 3,1449
What does OTA REFSENS requirement ensure? [3GPP Release 18],question 8153,Standards specifications,18,False,True,Option 2,option 5,option 5,1450
What is the role of MDA MnS producer in the management function? [3GPP Release 17],question 8156,Standards specifications,17,True,True,Option 3,option 3,option 3,1451
What type of subcarrier spacing requirements does an NB-IoT Base Station support? [3GPP Release 18],question 8160,Standards specifications,18,True,True,Option 3,option 3,option 3,1452
What is the purpose of the IAB-node OAM procedure? [3GPP Release 17],question 8165,Standards specifications,17,True,True,Option 4,option 4,option 4,1453
What is the purpose of the Control Plane Protocol Stack for the service-based interface? [3GPP Release 18],question 8168,Standards specifications,18,True,True,Option 3,option 3,option 3,1454
What is the purpose of the Diameter Load Control Mechanism? [3GPP Release 14],question 8186,Standards specifications,14,True,True,Option 4,option 4,option 4,1455
"What message does the AMF send to the NG-RAN during mobility registration, AM policy modification, and handover procedures? [3GPP Release 18]",question 8200,Standards specifications,18,True,False,Option 4,option 1,option 4,1456
How many SSB bursts are used for Loop convergence in the IDLE/INACTIVE state? [3GPP Release 16],question 8202,Standards specifications,16,True,True,Option 2,option 2,option 2,1457
What is the purpose of a Local Coordinate System (LCS)? [3GPP Release 18],question 8210,Standards specifications,18,False,False,Option 2,option 2,option 3,1458
What is the cardinality rule for EECs? [3GPP Release 18],question 8211,Standards specifications,18,True,True,Option 1,option 1,option 1,1459
Which physical layer procedure is involved in cell search? [3GPP Release 17],question 8213,Standards specifications,17,True,True,Option 4,option 4,option 4,1460
What is the minimum throughput requirement for the dynamic range of SAN supporting standalone NB-IoT operation? [3GPP Release 18],question 8216,Standards specifications,18,False,True,Option 4,option 1,option 1,1461
What information does the HandoverPreparationInformation message transfer? [3GPP Release 17],question 8223,Standards specifications,17,True,True,Option 3,option 3,option 3,1462
How many DL and UL non-anchor carriers can be configured in a new NB-IoT SIB? [3GPP Release 14],question 8230,Standards overview,14,False,True,Option 5,option 3,option 3,1463
What is the purpose of the Non-Uniform TRP Measurement Grids? [3GPP Release 18],question 8231,Standards specifications,18,False,False,Option 1,option 1,option 2,1464
What should be done with an AI/ML model before deployment in the Model Inference function? [3GPP Release 17],question 8243,Standards specifications,17,True,True,Option 3,option 3,option 3,1465
What is the objective of the Extension for headset interface tests of UE work item? [3GPP Release 17],question 8261,Standards overview,17,True,True,Option 1,option 1,option 1,1466
What architecture enhancement work item is responsible for specifying V2X architectures and functional entities? [3GPP Release 14],question 8263,Standards overview,14,True,True,Option 1,option 1,option 1,1467
What charging principle should be possible to apply during an active session? [3GPP Release 18],question 8266,Standards specifications,18,False,True,Option 2,option 1,option 1,1468
What is the main purpose of the Charging Function (CHF) in the 5G Phase 1 architecture? [3GPP Release 15],question 8269,Standards overview,15,False,True,Option 2,option 1,option 1,1469
What is the goal of the ETSUN (Enhancing Topology of SMF and UPF in 5G Networks) feature? [3GPP Release 16],question 8272,Standards overview,16,True,True,Option 1,option 1,option 1,1470
What are the demodulation enhancements specified in Rel-16 for NR support of high-speed train scenarios? [3GPP Release 16],question 8285,Standards overview,16,True,True,Option 4,option 4,option 4,1471
Which identifier contains a Network Access Identifier (NAI) when a network-specific identifier is used? [3GPP Release 18],question 8289,Standards specifications,18,True,True,Option 2,option 2,option 2,1472
What are the requirements for Massive Internet of Things (mIoT) in the 5G system? [3GPP Release 15],question 8293,Standards overview,15,True,True,Option 3,option 3,option 3,1473
When can exempted transmissions from sensing be performed? [3GPP Release 17],question 8301,Standards specifications,17,True,True,Option 3,option 3,option 3,1474
What functions should the eMBMS service layer support for TV services? [3GPP Release 18],question 8307,Standards specifications,18,False,False,Option 4,option 4,option 3,1475
What does the Service Experience Contribution Weight indicate? [3GPP Release 18],question 8310,Standards specifications,18,True,True,Option 4,option 4,option 4,1476
What is used for downlink power control? [3GPP Release 17],question 8311,Standards specifications,17,True,True,Option 5,option 5,option 5,1477
"What does a '1' value for the Wake-up indication bit, when reported to higher layers, indicate? [3GPP Release 17]",question 8314,Standards specifications,17,False,False,Option 2,option 2,option 4,1478
What is the purpose of the NWDAF in the charging architecture? [3GPP Release 18],question 8318,Standards specifications,18,False,False,Option 3,option 3,option 2,1479
When can the Location Service of a specific user be barred? [3GPP Release 17],question 8319,Standards specifications,17,True,True,Option 4,option 4,option 4,1480
Where can full details of operation under the 'Access class barred list' be found? [3GPP Release 17],question 8335,Standards specifications,17,False,True,Option 1,option 3,option 3,1481
"What is the purpose of the Access Traffic Steering, Switch, and Splitting (ATSSS) feature? [3GPP Release 16]",question 8342,Standards overview,16,True,True,Option 1,option 1,option 1,1482
What are the characteristics of the interfering signals for standalone NB-IoT? [3GPP Release 18],question 8347,Standards specifications,18,True,True,Option 3,option 3,option 3,1483
What does the Paging Cause Indication feature in a Multi-USIM UE and network support? [3GPP Release 18],question 8350,Standards specifications,18,False,True,Option 5,option 1,option 1,1484
What is the purpose of the Converged Charging System (CCS)? [3GPP Release 17],question 8354,Standards overview,17,True,True,Option 3,option 3,option 3,1485
Which 3GPP specification provides management provisions and solutions for edge computing? [3GPP Release 17],question 8359,Standards overview,17,True,True,Option 3,option 3,option 3,1486
What priority treatment is provided to MPS-subscribed UEs before the MPS application service session invocation? [3GPP Release 18],question 8360,Standards specifications,18,True,True,Option 1,option 1,option 1,1487
What is the default media handling capability of the IMS Multimedia Telephony service? [3GPP Release 17],question 8361,Standards specifications,17,False,False,Option 3,option 3,option 1,1488
Which data is required as feedback for mobility optimization? [3GPP Release 17],question 8362,Standards specifications,17,True,True,Option 5,option 5,option 5,1489
Which IE shall be included in the Detach request (mobile terminated detach) message if the detach reason has to be indicated to the MS? [3GPP Release 18],question 8363,Standards specifications,18,True,True,Option 3,option 3,option 3,1490
What function in NG-RAN supports the positioning functionality? [3GPP Release 17],question 8364,Standards specifications,17,False,False,Option 5,option 5,option 4,1491
Which document specifies the use cases and requirements for 5G Trace in the management of 5GC and NG-RAN? [3GPP Release 15],question 8369,Standards overview,15,True,True,Option 1,option 1,option 1,1492
Which identity is used to control the power of PUSCH? [3GPP Release 17],question 8371,Standards specifications,17,True,True,Option 3,option 3,option 3,1493
What is the purpose of the Control and User Plane Separation of EPC nodes work item? [3GPP Release 14],question 8381,Standards specifications,14,True,True,Option 2,option 2,option 2,1494
Which function is responsible for routing of User Plane data towards Serving Gateway? [3GPP Release 17],question 8389,Standards specifications,17,True,True,Option 4,option 4,option 4,1495
Where does AI/ML functionality reside within the current RAN architecture? [3GPP Release 17],question 8396,Standards specifications,17,False,False,Option 3,option 3,option 4,1496
What kind of traffic should a Shared GERAN or UTRAN be able to differentiate? [3GPP Release 18],question 8401,Standards specifications,18,True,True,Option 3,option 3,option 3,1497
What is the purpose of the Advice of Charge (AoC) supplementary service? [3GPP Release 18],question 8403,Standards specifications,18,True,True,Option 3,option 3,option 3,1498
What service does AF invoke to request the DNAI information? [3GPP Release 18],question 8405,Standards specifications,18,False,False,Option 1,option 1,option 4,1499
Which access control mechanism specifically applies to CSFB? [3GPP Release 18],question 8411,Standards specifications,18,False,False,Option 3,option 2,option 1,1500
What is the purpose of sidelink synchronization using SLSS signals? [3GPP Release 14],question 8417,Standards overview,14,True,True,Option 1,option 1,option 1,1501
What is the purpose of a Topological Service Area? [3GPP Release 18],question 8426,Standards specifications,18,False,False,Option 5,option 1,option 3,1502
What must be complied with regarding privacy? [3GPP Release 17],question 8429,Standards specifications,17,True,True,Option 4,option 4,option 4,1503
What does End-to-End Priority Treatment include? [3GPP Release 18],question 8434,Standards specifications,18,True,True,Option 4,option 4,option 4,1504
What is the purpose of the double differential technique with PRU in NR carrier phase positioning? [3GPP Release 18],question 8437,Standards specifications,18,True,True,Option 2,option 2,option 2,1505
What does Edge Relocation refer to? [3GPP Release 18],question 8445,Standards specifications,18,True,True,Option 4,option 4,option 4,1506
When is the Nadrf_DataManagement_RetrievalRequest service operation used? [3GPP Release 18],question 8455,Standards specifications,18,True,True,Option 2,option 2,option 2,1507
"What is the priority of NG-RAN SA, EN-DC, and MR-DC in RAN3? [3GPP Release 17]",question 8456,Standards specifications,17,True,True,Option 1,option 1,option 1,1508
What is the purpose of the DTX/DRX enhancements in CELL_FACH state? [3GPP Release 14],question 8460,Standards specifications,14,False,False,Option 2,option 2,option 1,1509
What determines the selection of a Dedicated Core Network in GERAN? [3GPP Release 14],question 8462,Standards overview,14,False,True,Option 2,option 4,option 4,1510
What is the purpose of the UECapabilityEnquirySidelink message? [3GPP Release 17],question 8476,Standards specifications,17,True,True,Option 5,option 5,option 5,1511
In which state should the UE be for the NG-RAN to send a Location Report including the UE's last known location with timestamp? [3GPP Release 18],question 8485,Standards specifications,18,False,True,Option 2,option 5,option 5,1512
What is the purpose of UE Capability Segmentation? [3GPP Release 16],question 8493,Standards overview,16,True,True,Option 4,option 4,option 4,1513
Which reference channels are used to specify the radiated performance requirements for the SAN? [3GPP Release 18],question 8499,Standards specifications,18,False,False,Option 4,option 4,option 2,1514
What is the purpose of Autonomous Networks? [3GPP Release 17],question 8503,Standards overview,17,True,True,Option 3,option 3,option 3,1515
What does the Location Reporting Control message include? [3GPP Release 18],question 8508,Standards specifications,18,True,True,Option 4,option 4,option 4,1516
Which statement is true regarding the communication path between PIN Elements? [3GPP Release 17],question 8523,Standards specifications,17,True,True,Option 3,option 3,option 3,1517
What is the purpose of charging data transfer in offline charging? [3GPP Release 18],question 8525,Standards specifications,18,True,True,Option 3,option 3,option 3,1518
Which modulation schemes are used for PUCCH and NPUSCH transmission? [3GPP Release 17],question 8531,Standards specifications,17,False,True,Option 1,option 4,option 4,1519
What is the purpose of NF Service Sets? [3GPP Release 18],question 8538,Standards specifications,18,True,True,Option 3,option 3,option 3,1520
What is the purpose of the Remote Interference Management (RIM) function? [3GPP Release 17],question 8541,Standards specifications,17,False,True,Option 1,option 3,option 3,1521
What causes the UE to fail the mobility from NR procedure? [3GPP Release 17],question 8546,Standards specifications,17,False,False,Option 1,option 1,option 2,1522
Which physical channel carries Scheduling Request (SR)? [3GPP Release 17],question 8552,Standards specifications,17,True,True,Option 4,option 4,option 4,1523
How can the user plane path be re-configured during Edge Relocation? [3GPP Release 18],question 8568,Standards specifications,18,True,True,Option 3,option 3,option 3,1524
What can the AF subscribe to from NEF to assist its application AI/ML operations? [3GPP Release 18],question 8570,Standards specifications,18,True,True,Option 3,option 3,option 3,1525
What message is sent by the MS to the network in order to perform a GPRS or combined GPRS attach? [3GPP Release 18],question 8576,Standards specifications,18,True,True,Option 4,option 4,option 4,1526
"In Type 1 DL channel access procedures, when does the eNB/gNB transmit a transmission? [3GPP Release 17]",question 8578,Standards specifications,17,False,True,Option 3,option 2,option 2,1527
Which mobility is supported for cell reselection between NR RRC_IDLE and E-UTRA RRC_IDLE? [3GPP Release 18],question 8579,Standards specifications,18,True,True,Option 5,option 5,option 5,1528
What is the maximum number of UEs that an RSU can communicate with according to requirement R.5.1-022? [3GPP Release 17],question 8598,Standards specifications,17,False,False,Option 2,option 2,option 4,1529
What guides the target PLMN selection for a UE when its registered PLMN is not available in the target cell? [3GPP Release 17],question 8600,Standards specifications,17,True,True,Option 2,option 2,option 2,1530
Which sublayer is responsible for transfer of upper layer PDUs? [3GPP Release 18],question 8601,Standards specifications,18,False,True,Option 3,option 2,option 2,1531
What is the requirement for voice call continuity during emergency calls? [3GPP Release 18],question 8611,Standards specifications,18,True,True,Option 3,option 3,option 3,1532
What is the value of REFSENS used in the SNR calculation? [3GPP Release 18],question 8614,Standards specifications,18,True,False,Option 1,option 2,option 1,1533
How are subsequent UL transmissions handled in the SDT procedure? [3GPP Release 18],question 8617,Standards specifications,18,False,True,Option 4,option 5,option 5,1534
What determines the MCS of the PUSCH transmission? [3GPP Release 17],question 8620,Standards specifications,17,True,False,Option 5,option 3,option 5,1535
What is the purpose of timing advance in uplink transmission? [3GPP Release 17],question 8627,Standards specifications,17,True,True,Option 1,option 1,option 1,1536
What is the purpose of Explicit Congestion Notification (ECN) in 5G? [3GPP Release 18],question 8635,Standards specifications,18,True,True,Option 4,option 4,option 4,1537
What is the purpose of L2 measurement? [3GPP Release 17],question 8636,Standards overview,17,True,True,Option 3,option 3,option 3,1538
What are the requirements for network and system selection for multi-mode terminals with 3GPP capability? [3GPP Release 18],question 8638,Standards specifications,18,False,False,Option 2,option 4,option 1,1539
What does EAS bundle ID establish? [3GPP Release 18],question 8639,Standards specifications,18,True,True,Option 5,option 5,option 5,1540
What is the purpose of exposing monitoring and status information of an AI-ML session to a third-party AI/ML application? [3GPP Release 17],question 8641,Standards specifications,17,False,False,Option 3,option 3,option 5,1541
What does the IAB-donor-CU do in step 1 of the IAB BH RLC channel establishment procedure? [3GPP Release 17],question 8650,Standards specifications,17,True,True,Option 3,option 3,option 3,1542
What type of messages may be fragmented in the control plane for untrusted non-3GPP access? [3GPP Release 18],question 8655,Standards specifications,18,True,True,Option 5,option 5,option 5,1543
What is the purpose of the 5G VN Group management? [3GPP Release 18],question 8657,Standards specifications,18,True,True,Option 3,option 3,option 3,1544
What is the purpose of an alternative route in the context of routing the subscription identity back to its Home Environment? [3GPP Release 18],question 8662,Standards specifications,18,True,True,Option 2,option 2,option 2,1545
What is the format of the new password introduced in the 'Password-based service activation for IMS Multimedia Telephony service' work item? [3GPP Release 14],question 8663,Standards specifications,14,True,True,Option 1,option 1,option 1,1546
How can the relay UE selection criteria preferences be configured in the Evolved ProSe Remote UE? [3GPP Release 17],question 8665,Standards specifications,17,False,False,Option 4,option 4,option 5,1547
Which function is responsible for supporting RNs? [3GPP Release 17],question 8672,Standards specifications,17,False,False,Option 3,option 3,option 1,1548
Which protocols are specified by CT WG1 for V2X communication over the PC5 interface? [3GPP Release 14],question 8677,Standards overview,14,True,True,Option 4,option 4,option 4,1549
How can the UE indicate its capability to receive Network Exposure information? [3GPP Release 18],question 8683,Standards specifications,18,True,True,Option 3,option 3,option 3,1550
"In A/Gb mode, a cell may be reserved for exclusive access by SoLSA. How can an MS camp normally on such a cell? [3GPP Release 18]",question 8690,Standards specifications,18,True,True,Option 4,option 4,option 4,1551
What is the function of the LCS Client? [3GPP Release 17],question 8693,Standards specifications,17,True,True,Option 3,option 3,option 3,1552
What are the two types of reference points for SAN type 1-H? [3GPP Release 18],question 8694,Standards specifications,18,False,False,Option 2,option 2,option 1,1553
"In a GERAN based MOCN configuration, when does a cell with closed/hybrid access need to coordinate the CSG IDs between the operators' PLMNs? [3GPP Release 17]",question 8696,Standards specifications,17,False,False,Option 2,option 3,option 1,1554
What does a UE expect when it cancels a PUSCH or an SRS transmission? [3GPP Release 17],question 8703,Standards specifications,17,False,False,Option 4,option 4,option 1,1555
What functionalities does the Edge Application Server Discovery Function (EASDF) include? [3GPP Release 18],question 8716,Standards specifications,18,True,True,Option 5,option 5,option 5,1556
What is the scope of the CH14-SMST4 Charging Work Item? [3GPP Release 14],question 8721,Standards specifications,14,True,True,Option 2,option 2,option 2,1557
What is the purpose of ADRF in the 5G system architecture? [3GPP Release 18],question 8723,Standards specifications,18,True,True,Option 3,option 3,option 3,1558
What is the function of the Serving GPRS Support Node (SGSN)? [3GPP Release 17],question 8735,Standards specifications,17,True,True,Option 5,option 5,option 5,1559
What type of control information can be provided by a PSFCH transmission? [3GPP Release 17],question 8742,Standards specifications,17,True,True,Option 3,option 3,option 3,1560
What is the purpose of the Internal-Group Identifier? [3GPP Release 18],question 8755,Standards specifications,18,True,True,Option 5,option 5,option 5,1561
Which group focuses on defining and parameterizing indoor scenarios for mmWave propagation channels? [3GPP Release 17],question 8762,Standards specifications,17,False,True,Option 2,option 4,option 4,1562
What is the purpose of transform precoding in the physical uplink shared channel? [3GPP Release 17],question 8768,Standards specifications,17,True,True,Option 3,option 3,option 3,1563
What does the AMF do after purging the subscriber data and MM context of a deregistered UE? [3GPP Release 18],question 8770,Standards specifications,18,False,True,Option 4,option 2,option 2,1564
What does the 'Request-response' communication paradigm involve in management service interactions? [3GPP Release 17],question 8774,Standards specifications,17,True,True,Option 4,option 4,option 4,1565
What is required for the efficient transfer of charging information? [3GPP Release 18],question 8779,Standards specifications,18,True,True,Option 4,option 4,option 4,1566
What are the TDL models constructed for? [3GPP Release 18],question 8795,Standards specifications,18,True,True,Option 1,option 1,option 1,1567
What is the purpose of the Inter-gNB-DU Conditional PSCell Change using MCG SRB without MN negotiation procedure? [3GPP Release 17],question 8798,Standards specifications,17,False,True,Option 1,option 5,option 5,1568
What is used to indicate resource and transmission parameters for PSSCH? [3GPP Release 17],question 8801,Standards specifications,17,False,True,Option 4,option 5,option 5,1569
What is the purpose of offline charging? [3GPP Release 18],question 8806,Standards specifications,18,True,True,Option 4,option 4,option 4,1570
What is the reference point between the PDG and a packet data network? [3GPP Release 17],question 8808,Standards specifications,17,False,False,Option 1,option 1,option 5,1571
What were the improvements made in Rel-13 and 14 to enhance the mobility and throughput performance in high-speed scenarios? [3GPP Release 16],question 8814,Standards overview,16,True,True,Option 5,option 5,option 5,1572
How are serving cells configured in terms of DRX groups? [3GPP Release 17],question 8833,Standards specifications,17,False,False,Option 5,option 2,option 3,1573
What is the purpose of direct device connection in the 5G system? [3GPP Release 19],question 8854,Standards specifications,19,True,True,Option 5,option 5,option 5,1574
What is the purpose of the Unlicensed Spectrum Offloading System? [3GPP Release 15],question 8860,Standards overview,15,False,True,Option 1,option 4,option 4,1575
What is the characteristic of handover with SRVCC operation? [3GPP Release 17],question 8862,Standards specifications,17,False,False,Option 2,option 2,option 1,1576
What mechanism does the 5G system support for a 3rd party application to request resilient timing? [3GPP Release 17],question 8863,Standards specifications,17,True,True,Option 4,option 4,option 4,1577
What is the purpose of Call Whisper in IP-PBX? [3GPP Release 17],question 8868,Standards specifications,17,True,True,Option 1,option 1,option 1,1578
What is the purpose of the RSRP(B)-based RX beam peak search approach? [3GPP Release 18],question 8874,Standards specifications,18,False,True,Option 5,option 3,option 3,1579
Which function is responsible for NAS signalling security? [3GPP Release 17],question 8875,Standards specifications,17,True,True,Option 5,option 5,option 5,1580
What should the LCS server do when a request is cancelled by the target UE? [3GPP Release 17],question 8877,Standards specifications,17,True,True,Option 2,option 2,option 2,1581
In which state is QoE measurement collection supported? [3GPP Release 18],question 8882,Standards specifications,18,True,True,Option 2,option 2,option 2,1582
What can be applied to a delay-scaled CDL model to model the effect of beamforming in a simplified way? [3GPP Release 18],question 8885,Standards specifications,18,False,False,Option 2,option 2,option 4,1583
What are the considerations for closed-loop factory automation? [3GPP Release 17],question 8886,Standards specifications,17,True,True,Option 5,option 5,option 5,1584
What does NWDAF provide with Network Performance Analytics? [3GPP Release 18],question 8901,Standards specifications,18,False,True,Option 3,option 1,option 1,1585
Which type of control loop relies on periodic communication patterns? [3GPP Release 19],question 8912,Standards specifications,19,True,True,Option 2,option 2,option 2,1586
What is the purpose of the eVoLTE CE technologies? [3GPP Release 14],question 8915,Standards overview,14,False,True,Option 2,option 5,option 5,1587
Which entity handles location management of roaming subscribers in the visited network without involving HLR? [3GPP Release 17],question 8942,Standards specifications,17,True,True,Option 3,option 3,option 3,1588
What does NG-RAN support for Non-Public Networks (NPN)? [3GPP Release 17],question 8946,Standards specifications,17,False,False,Option 2,option 2,option 5,1589
What is the purpose of access performance measurements per QoS flow in ATSS? [3GPP Release 17],question 8947,Standards overview,17,True,True,Option 2,option 2,option 2,1590
What is the purpose of the Nmfaf_3caDataManagement service? [3GPP Release 18],question 8948,Standards specifications,18,False,True,Option 1,option 3,option 3,1591
Which high level deployment configuration supports distributed algorithms for scheduling and interference management of V2V traffic? [3GPP Release 14],question 8950,Standards overview,14,False,True,Option 4,option 1,option 1,1592
What is the purpose of the RN attach procedure? [3GPP Release 17],question 8955,Standards specifications,17,True,True,Option 1,option 1,option 1,1593
Which reference point is used for SMS transfer between UE and AMF via NAS? [3GPP Release 18],question 8957,Standards specifications,18,True,True,Option 1,option 1,option 1,1594
What is the purpose of the scheduling assignments (SA) in V2V communications? [3GPP Release 14],question 8961,Standards overview,14,True,True,Option 2,option 2,option 2,1595
What is the length of the window in number of slots for Type-2 random access procedure? [3GPP Release 17],question 8962,Standards specifications,17,False,False,Option 2,option 2,option 5,1596
What does the SA5 Work Item 'CH14-V8' focus on in the VoLTE roaming architecture? [3GPP Release 14],question 8964,Standards overview,14,True,True,Option 4,option 4,option 4,1597
What is the default Traffic type of interest if not provided? [3GPP Release 18],question 8965,Standards specifications,18,False,False,Option 2,option 4,option 1,1598
What does UL SPS (uplink Semi-Persistent Scheduling) repetition allow in LTE? [3GPP Release 18],question 8971,Standards specifications,18,True,True,Option 2,option 2,option 2,1599
Can a single terminal support multiple UICCs? [3GPP Release 18],question 8972,Standards specifications,18,True,True,Option 3,option 3,option 3,1600
What does the MME indicate to the UE in the GUTI? [3GPP Release 17],question 8981,Standards specifications,17,False,False,Option 3,option 1,option 5,1601
Which stage 1 specifications specify the architecture and information flows to support Mission Critical Push To Talk (MCPTT)? [3GPP Release 15],question 8987,Standards overview,15,False,True,Option 4,option 5,option 5,1602
How is the last symbol of the PDCCH triggering the CSI report(s) determined when the PDCCH reception includes two PDCCH candidates? [3GPP Release 17],question 9001,Standards specifications,17,True,True,Option 2,option 2,option 2,1603
What is the purpose of the adaptation/interworking functions? [3GPP Release 18],question 9010,Standards specifications,18,True,True,Option 4,option 4,option 4,1604
Which control mechanism allows the network to control the behavior of UEs in E-UTRAN in connected mode? [3GPP Release 18],question 9013,Standards specifications,18,False,True,Option 2,option 5,option 5,1605
"For the Analytics ID 'Network Performance', which Consumer NF may use it? [3GPP Release 16]",question 9014,Standards overview,16,False,True,Option 3,option 4,option 4,1606
What is the definition of OTA frequency error? [3GPP Release 18],question 9022,Standards specifications,18,True,True,Option 1,option 1,option 1,1607
When can a UE determine PDCCH monitoring occasions for a search space set in the active DL BWP? [3GPP Release 17],question 9023,Standards specifications,17,True,True,Option 4,option 4,option 4,1608
When does the UE use Listen-Before-Talk (LBT) for transmission on a cell with shared spectrum channel access? [3GPP Release 18],question 9025,Standards specifications,18,True,True,Option 5,option 5,option 5,1609
What is the required accuracy for the modulated carrier frequency of each carrier configured by the SAN? [3GPP Release 18],question 9028,Standards specifications,18,False,True,Option 2,option 3,option 3,1610
Who is responsible for the event-based or time-based decision process in order for all services to be regarded as periodic location reporting? [3GPP Release 17],question 9030,Standards specifications,17,False,False,Option 2,option 2,option 3,1611
What is the main objective of the Rel-14 work in the context of Vehicle-to-Everything Communications (V2X)? [3GPP Release 15],question 9043,Standards overview,15,True,True,Option 1,option 1,option 1,1612
What is the purpose of service reachability in the Evolved Packet System? [3GPP Release 17],question 9046,Standards specifications,17,False,False,Option 4,option 4,option 5,1613
Which of the following solutions have been specified for providing highly reliable and low latency communication for LTE? [3GPP Release 15],question 9048,Standards overview,15,False,False,Option 4,option 1,option 3,1614
Which interface is used by NWDAF to request subscription to data delivery? [3GPP Release 18],question 9050,Standards specifications,18,False,False,Option 2,option 3,option 1,1615
What is Small Data Transmission (SDT)? [3GPP Release 18],question 9052,Standards specifications,18,False,True,Option 1,option 5,option 5,1616
What is the purpose of the Direct event notification method in the PCC rule? [3GPP Release 18],question 9061,Standards specifications,18,True,True,Option 3,option 3,option 3,1617
What network architecture should be supported? [3GPP Release 17],question 9073,Standards specifications,17,False,False,Option 4,option 4,option 3,1618
What is the purpose of the Network Slicing Admission Control Function (NSACF)? [3GPP Release 17],question 9074,Standards overview,17,False,True,Option 2,option 1,option 1,1619
Which architecture has a CHF instance and the Edge Enablement Server (EES) located in the same Service Deployment Cluster? [3GPP Release 18],question 9077,Standards specifications,18,True,True,Option 2,option 2,option 2,1620
"Which aspect of the 5G system covers network slicing, network capability exposure, scalability, and diverse mobility, security, efficient content delivery, and migration and interworking? [3GPP Release 18]",question 9091,Standards specifications,18,True,True,Option 5,option 5,option 5,1621
What is the purpose of the Ndccf_ContextManagement_Register service operation? [3GPP Release 18],question 9095,Standards specifications,18,False,True,Option 1,option 3,option 3,1622
Which identity is used for identification of slot format? [3GPP Release 17],question 9099,Standards specifications,17,True,True,Option 5,option 5,option 5,1623
What is the purpose of automatic device detection? [3GPP Release 18],question 9101,Standards specifications,18,True,True,Option 3,option 3,option 3,1624
What type of V2X messages are supported over PC5 interface? [3GPP Release 14],question 9102,Standards overview,14,True,True,Option 3,option 3,option 3,1625
What can the LCS feature allow for a Target UE? [3GPP Release 17],question 9112,Standards specifications,17,True,False,Option 5,option 4,option 5,1626
Which identity is used to identify an AMF in NG-RAN? [3GPP Release 18],question 9118,Standards specifications,18,True,True,Option 5,option 5,option 5,1627
What is the maximum frequency of messages per transmitting UE supported by the E-UTRA(N)? [3GPP Release 17],question 9124,Standards specifications,17,True,False,Option 3,option 2,option 3,1628
Which document specifies the modulation mapping for the physical layer? [3GPP Release 17],question 9126,Standards specifications,17,True,True,Option 1,option 1,option 1,1629
When does a UE initiate reselection and registration on an alternative available PLMN? [3GPP Release 18],question 9129,Standards specifications,18,True,True,Option 1,option 1,option 1,1630
Which 3GPP specification provides details for the protocols between BM-SC and MBMS-GW? [3GPP Release 14],question 9139,Standards overview,14,False,True,Option 2,option 1,option 1,1631
What falls under the network functions of MPS? [3GPP Release 18],question 9145,Standards specifications,18,True,True,Option 3,option 3,option 3,1632
Which identity is used for identification of Paging and System Information change notification in the downlink? [3GPP Release 17],question 9146,Standards specifications,17,False,True,Option 3,option 5,option 5,1633
What factors can affect the accuracy of location services? [3GPP Release 17],question 9167,Standards specifications,17,True,True,Option 4,option 4,option 4,1634
When is DCP monitored by the UE? [3GPP Release 18],question 9168,Standards specifications,18,False,True,Option 1,option 4,option 4,1635
What is the maximum number of DL band combinations? [3GPP Release 17],question 9174,Standards specifications,17,False,False,Option 128,option 4,option 5,1636
What are the two main parts of the network selection procedure for the UE? [3GPP Release 18],question 9180,Standards specifications,18,True,True,Option 1,option 1,option 1,1637
Which service operation is used by a consumer NF to subscribe to/request NWDAF analytics? [3GPP Release 18],question 9187,Standards specifications,18,True,True,Option 1,option 1,option 1,1638
What is the potential transport layer for SLPP? [3GPP Release 18],question 9191,Standards specifications,18,False,True,Option 1,option 5,option 5,1639
Which message does the gNB-DU include in the non-UE associated INITIAL UL RRC MESSAGE TRANSFER message? [3GPP Release 17],question 9204,Standards specifications,17,True,True,Option 3,option 3,option 3,1640
What are the required inputs for the Nadrf_MLModelManagement_Delete service operation? [3GPP Release 18],question 9208,Standards specifications,18,False,True,Option 5,option 4,option 4,1641
Which states does RRC support? [3GPP Release 18],question 9213,Standards specifications,18,True,True,Option 4,option 4,option 4,1642
What is the purpose of the rotation matrix R in the LCS to GCS transformation? [3GPP Release 17],question 9214,Standards specifications,17,True,True,Option 3,option 3,option 3,1643
What does the UE consider a DCI format 1_1 as indicating? [3GPP Release 17],question 9219,Standards specifications,17,False,False,Option 3,option 2,option 4,1644
Which waveform is used for downlink transmission? [3GPP Release 18],question 9224,Standards specifications,18,False,True,Option 2,option 3,option 3,1645
What is the Analytics Filter Information used for? [3GPP Release 18],question 9225,Standards specifications,18,True,True,Option 2,option 2,option 2,1646
What is the purpose of CS fallback in the Evolved Packet System? [3GPP Release 17],question 9231,Standards specifications,17,False,True,Option 4,option 5,option 5,1647
"In online charging with reservation, what happens if the resource usage execution fails? [3GPP Release 18]",question 9237,Standards specifications,18,False,False,Option 1,option 1,option 2,1648
What is the purpose of the Multi-Device (MuD) service? [3GPP Release 16],question 9242,Standards overview,16,True,True,Option 3,option 3,option 3,1649
What is the term used to describe the 5G AN connected to a 5G CN? [3GPP Release 15],question 9243,Standards overview,15,True,True,Option 2,option 2,option 2,1650
What is the role of the Charging Gateway Function (CGF)? [3GPP Release 18],question 9244,Standards specifications,18,False,True,Option 2,option 3,option 3,1651
What additional data is collected by the NWDAF for QoS Sustainability analytics in a fine granularity area? [3GPP Release 18],question 9246,Standards specifications,18,True,True,Option 5,option 5,option 5,1652
Which identity uniquely identifies a group of UE within a PLMN domain? [3GPP Release 18],question 9256,Standards specifications,18,True,True,Option 5,option 5,option 5,1653
Which 3GPP specifications are involved in the feature 'Optimisations of UE radio capability signalling'? [3GPP Release 16],question 9259,Standards overview,16,True,True,Option 2,option 2,option 2,1654
What is the maximum allowable deviation from the manufacturer claimed EIRP level for a specific beam peak direction? [3GPP Release 18],question 9264,Standards specifications,18,False,False,Option 2,option 5,option 3,1655
Which mechanism allows ProSe UE to UE communications for off-network operations in MC services? [3GPP Release 14],question 9268,Standards overview,14,False,False,Option 2,option 2,option 1,1656
What are non-public networks? [3GPP Release 17],question 9269,Standards specifications,17,True,True,Option 2,option 2,option 2,1657
What happens when the network cannot provide the required QoS for a data service? [3GPP Release 18],question 9277,Standards specifications,18,False,False,Option 1,option 4,option 2,1658
What does SCG stand for in the context of user plane in EN-DC? [3GPP Release 18],question 9280,Standards specifications,18,True,True,Option 3,option 3,option 3,1659
What does the EIR check for WLAN access to EPC feature enable? [3GPP Release 14],question 9282,Standards specifications,14,True,True,Option 1,option 1,option 1,1660
What are the two deployment options for 5G? [3GPP Release 18],question 9290,Standards specifications,18,True,True,Option 1,option 1,option 1,1661
What is a Multi-USIM UE? [3GPP Release 17],question 9299,Standards overview,17,True,True,Option 2,option 2,option 2,1662
Where does the NWDAF fetch the currently stored PFD information from? [3GPP Release 18],question 9300,Standards specifications,18,True,True,Option 4,option 4,option 4,1663
Which 3GPP specification specifies the User Equipment (UE) to V2X control function protocol aspects? [3GPP Release 14],question 9305,Standards overview,14,False,False,Option 3,option 4,option 1,1664
What is Mobile Originating Location capability? [3GPP Release 17],question 9308,Standards specifications,17,True,True,Option 2,option 2,option 2,1665
How many Evolved ProSe UE-to-Network Relays can be between an Evolved ProSe Remote UE and E-UTRAN? [3GPP Release 17],question 9314,Standards specifications,17,True,True,Option 2,option 2,option 2,1666
What standardized QCI values can be used for unicast delivery of V2X messages over LTE-Uu? [3GPP Release 14],question 9317,Standards overview,14,False,False,Option 1,option 1,option 2,1667
When is the list of forbidden tracking areas for regional provision of service deleted? [3GPP Release 18],question 9319,Standards specifications,18,True,True,Option 4,option 4,option 4,1668
"What does the UE assume about the reception occasions of PSS, SSS, and PBCH? [3GPP Release 17]",question 9323,Standards specifications,17,True,True,Option 2,option 2,option 2,1669
Which 3GPP Technical Specification covers the service requirements for maritime communication over 5G systems? [3GPP Release 16],question 9324,Standards overview,16,False,True,Option 4,option 3,option 3,1670
What happens during a direct debiting process? [3GPP Release 18],question 9327,Standards specifications,18,True,True,Option 3,option 3,option 3,1671
What does the SGSN use to determine the serving CN operator? [3GPP Release 17],question 9339,Standards specifications,17,True,True,Option 5,option 5,option 5,1672
What is the purpose of the BEARER CONTEXT RELEASE REQUEST message in the gNB-CU-UP initiated bearer context release procedure? [3GPP Release 17],question 9344,Standards specifications,17,True,True,Option 4,option 4,option 4,1673
Which transmission mode does the RLC sublayer use for dedicated traffic channels (DTCH)? [3GPP Release 18],question 9355,Standards specifications,18,True,True,Option 3,option 3,option 3,1674
What type of analytics can NWDAF generate? [3GPP Release 18],question 9359,Standards specifications,18,False,False,Option 5,option 1,option 2,1675
How are voice calls delivered to a dual/multi mode terminal in a hybrid network? [3GPP Release 18],question 9371,Standards specifications,18,True,True,Option 5,option 5,option 5,1676
What does V2V stand for? [3GPP Release 14],question 9374,Standards overview,14,True,True,Option 4,option 4,option 4,1677
Which interface is used for communication between the HeNB and the Core Network? [3GPP Release 17],question 9377,Standards specifications,17,True,True,Option 1,option 1,option 1,1678
What spectrum can be used for ranging in the 5G system? [3GPP Release 17],question 9379,Standards specifications,17,True,True,Option 3,option 3,option 3,1679
What is the purpose of a MnS producer profile? [3GPP Release 17],question 9385,Standards specifications,17,True,True,Option 2,option 2,option 2,1680
What is the inactivity timer of DRX used for? [3GPP Release 18],question 9388,Standards specifications,18,True,True,Option 4,option 4,option 4,1681
What does a UE use to determine the priority for a PUCCH transmission with multicast HARQ-ACK information? [3GPP Release 17],question 9389,Standards specifications,17,False,True,Option 1,option 2,option 2,1682
What triggers the AF to request the network to send an Application trigger to the UE? [3GPP Release 18],question 9390,Standards specifications,18,True,True,Option 2,option 2,option 2,1683
What regulatory obligations can a Participating Operator have regarding PWS support? [3GPP Release 18],question 9394,Standards specifications,18,False,False,Option 4,option 4,option 1,1684
How does a UE determine the power for a PSCCH transmission in a PSCCH-PSSCH transmission occasion? [3GPP Release 17],question 9396,Standards specifications,17,False,False,Option 4,option 1,option 3,1685
What does the cell identity of the Primary cell in the Secondary RAN node indicate? [3GPP Release 18],question 9400,Standards specifications,18,False,False,Option 5,option 5,option 4,1686
"Where are the requirements for video, imaging, and audio for professional applications described? [3GPP Release 17]",question 9417,Standards specifications,17,True,True,Option 1,option 1,option 1,1687
What types of other media are supported during an emergency call when the IM CN subsystem is used? [3GPP Release 18],question 9434,Standards specifications,18,True,True,Option 5,option 5,option 5,1688
Which function in the Converged Charging System (CCS) is responsible for generating CDRs? [3GPP Release 18],question 9435,Standards specifications,18,True,True,Option 5,option 5,option 5,1689
Which document provides the characteristics of the physical layer measurements? [3GPP Release 17],question 9442,Standards specifications,17,True,True,Option 4,option 4,option 4,1690
What are the AI/ML operations supported in the Application layer over the 5G System? [3GPP Release 18],question 9443,Standards specifications,18,True,True,Option 5,option 5,option 5,1691
What is the purpose of the Intra-CU topological redundancy procedure? [3GPP Release 17],question 9444,Standards specifications,17,True,True,Option 5,option 5,option 5,1692
What is the purpose of the NG-RAN MBS session resource context? [3GPP Release 17],question 9447,Standards specifications,17,True,True,Option 2,option 2,option 2,1693
Which message is used to confirm the successful completion of a PC5 RRC AS reconfiguration? [3GPP Release 17],question 9454,Standards specifications,17,True,True,Option 3,option 3,option 3,1694
What is Dual Connectivity (DC)? [3GPP Release 17],question 9456,Standards specifications,17,True,True,Option 2,option 2,option 2,1695
What is the purpose of Disaster Roaming with Minimization of Service Interruption? [3GPP Release 17],question 9457,Standards overview,17,True,True,Option 3,option 3,option 3,1696
What is the meaning of LOS in the channel coefficient generation procedure? [3GPP Release 17],question 9459,Standards specifications,17,True,True,Option 4,option 4,option 4,1697
Which 3GPP working group is responsible for the security aspects of the EAP Re-authentication Protocol (ERP)? [3GPP Release 14],question 9462,Standards specifications,14,True,True,Option 4,option 4,option 4,1698
What are the three types of TV services supported by the 3GPP enhancement for TV service support? [3GPP Release 18],question 9464,Standards specifications,18,True,True,Option 1,option 1,option 1,1699
"For a prioritized service, will the UE automatically override user and network disallowed RATs if there are no PLMNs on the allowed radio technologies that the UE can access? [3GPP Release 18]",question 9467,Standards specifications,18,False,True,Option 2,option 1,option 1,1700
What does NR Sidelink Relay enable? [3GPP Release 17],question 9468,Standards overview,17,True,True,Option 2,option 2,option 2,1701
What is the sub-carrier spacing for the downlink transmission scheme based on conventional OFDM? [3GPP Release 17],question 9487,Standards specifications,17,True,True,Option 1,option 1,option 1,1702
What is included in the UE CONTEXT SETUP REQUEST message in the Intra-gNB-DU handover procedure? [3GPP Release 17],question 9504,Standards specifications,17,False,True,Option 1,option 4,option 4,1703
"Which 3GPP specification defines the architecture, procedures, and information flows to enable edge applications over 3GPP networks? [3GPP Release 17]",question 9505,Standards overview,17,False,True,Option 2,option 3,option 3,1704
What is the purpose of the Target NSSAI for NG-RAN? [3GPP Release 17],question 9507,Standards overview,17,False,False,Option 2,option 2,option 4,1705
Which organization is responsible for the development of the QuaDRiGa channel model? [3GPP Release 17],question 9511,Standards specifications,17,False,False,Option 2,option 2,option 5,1706
What is the purpose of PLMN selection in the UE? [3GPP Release 17],question 9516,Standards specifications,17,False,False,Option 3,option 3,option 4,1707
What is the purpose of interworking between the IMS domain and the CS domain? [3GPP Release 17],question 9524,Standards specifications,17,True,True,Option 1,option 1,option 1,1708
What are RAN assistance parameters used for in RRC_IDLE? [3GPP Release 17],question 9526,Standards specifications,17,True,False,Option 5,option 2,option 5,1709
What is the purpose of UE categories in NR? [3GPP Release 18],question 9533,Standards specifications,18,False,False,Option 1,option 1,option 2,1710
Can the home operator re-allow selection of a radio technology on a UE that has been previously disallowed? [3GPP Release 18],question 9545,Standards specifications,18,False,False,Option 1,option 1,option 2,1711
What additional function does the eNB support in case of SIPTO@LN with stand-alone gateway? [3GPP Release 17],question 9547,Standards specifications,17,True,True,Option 3,option 3,option 3,1712
What additional information does the NWDAF collect for UPF load analytics? [3GPP Release 18],question 9549,Standards specifications,18,False,True,Option 3,option 2,option 2,1713
How many lists of 3GPP PS Data Off Exempt Services can a UE be configured with? [3GPP Release 18],question 9557,Standards specifications,18,False,False,Option 2,option 2,option 1,1714
What is the purpose of UDC (User Data Convergence)? [3GPP Release 18],question 9570,Standards specifications,18,True,True,Option 2,option 2,option 2,1715
How is the energy detection threshold adapted for channel access? [3GPP Release 17],question 9571,Standards specifications,17,False,True,Option 4,option 2,option 2,1716
How is PDCCH skipping configured for UE power saving in connected mode? [3GPP Release 17],question 9585,Standards overview,17,False,False,Option 4,option 4,option 1,1717
Which protocol is used for Short message Distribution Service (SDS) in MCData? [3GPP Release 14],question 9586,Standards overview,14,True,True,Option 4,option 4,option 4,1718
Which type of V2X application primarily uses broadcast-based communication? [3GPP Release 17],question 9587,Standards specifications,17,True,True,Option 1,option 1,option 1,1719
What is the purpose of the Quick release of RRC connection feature in NB-IoT? [3GPP Release 15],question 9595,Standards overview,15,False,False,Option 3,option 3,option 5,1720
Which sublayer is responsible for error correction through HARQ? [3GPP Release 18],question 9597,Standards specifications,18,True,True,Option 2,option 2,option 2,1721
Which scenarios are supported by the 5G-RG? [3GPP Release 16],question 9602,Standards overview,16,False,True,Option 4,option 1,option 1,1722
Which component invokes the Nnef_PFDManagement_Create/Update/Delete service? [3GPP Release 18],question 9607,Standards specifications,18,False,False,Option 2,option 2,option 4,1723
What is the purpose of the Edge Configuration Server (ECS) specified in TS 23.558? [3GPP Release 17],question 9610,Standards overview,17,True,True,Option 2,option 2,option 2,1724
When can the LCS server inform the target UE about the activation of Periodic Location Reporting? [3GPP Release 17],question 9612,Standards specifications,17,False,False,Option 1,option 1,option 4,1725
What is the purpose of VarLogMeasConfig? [3GPP Release 17],question 9613,Standards specifications,17,True,True,Option 1,option 1,option 1,1726
What problem does the PRACH enhancement feature in LTE address under high speed? [3GPP Release 14],question 9623,Standards specifications,14,True,True,Option 4,option 4,option 4,1727
What is the purpose of the additional RS provided by gNB? [3GPP Release 16],question 9626,Standards specifications,16,True,True,Option 4,option 4,option 4,1728
What is the minimum resource allocation unit in the time domain for PSSCH transmission? [3GPP Release 17],question 9630,Standards specifications,17,True,True,Option 4,option 4,option 4,1729
What is the granularity of the global frequency raster for category NB1 and NB2? [3GPP Release 18],question 9631,Standards specifications,18,True,False,Option 2,option 1,option 2,1730
Which interface is used between the mobile station and the Base Station System? [3GPP Release 17],question 9633,Standards specifications,17,True,True,Option 4,option 4,option 4,1731
What is the role of NF Sets in network reliability? [3GPP Release 18],question 9637,Standards specifications,18,False,False,Option 1,option 1,option 3,1732
How does the DCCF determine the NF instance that can be a Data Source? [3GPP Release 18],question 9641,Standards specifications,18,False,False,Option 1,option 1,option 3,1733
Which PDCP packet duplication is supported in LTE for improving reliability? [3GPP Release 18],question 9650,Standards specifications,18,True,False,Option 2,option 3,option 2,1734
What does SI stand for in the context of RRC? [3GPP Release 18],question 9653,Standards specifications,18,True,True,Option 5,option 5,option 5,1735
What is the purpose of suitable APIs for managing third-party owned applications in the operator's Service Hosting Environment? [3GPP Release 17],question 9656,Standards specifications,17,True,True,Option 5,option 5,option 5,1736
What are the four processes of the idle mode? [3GPP Release 17],question 9657,Standards specifications,17,True,True,Option 2,option 2,option 2,1737
What is the role of NAS-MM in the control plane between the UE and the AMF? [3GPP Release 18],question 9659,Standards specifications,18,True,True,Option 1,option 1,option 1,1738
Which 3GPP specification provides the service requirements for V2X services? [3GPP Release 14],question 9673,Standards overview,14,True,True,Option 2,option 2,option 2,1739
Which test system is impacted by off-focus antenna? [3GPP Release 18],question 9674,Standards specifications,18,False,False,Option 4,option 2,option 3,1740
What is the purpose of Enhanced support of Non-Public Networks? [3GPP Release 17],question 9676,Standards overview,17,True,True,Option 4,option 4,option 4,1741
Which identity is used for identification of cancellation in the uplink? [3GPP Release 17],question 9678,Standards specifications,17,False,True,Option 3,option 2,option 2,1742
What does the Weight Factor for AMF Load Balancing indicate? [3GPP Release 18],question 9682,Standards specifications,18,True,True,Option 2,option 2,option 2,1743
What is the purpose of the 'Group Reporting Guard Time'? [3GPP Release 14],question 9685,Standards specifications,14,False,True,Option 2,option 4,option 4,1744
What is the required input for the Ndccf_DataManagement_Unsubscribe service operation? [3GPP Release 18],question 9703,Standards specifications,18,True,True,Option 1,option 1,option 1,1745
What model does the streaming service use? [3GPP Release 18],question 9705,Standards specifications,18,False,True,Option 4,option 3,option 3,1746
Is the user able to re-enable use of a radio technology on a UE that has been previously disallowed? [3GPP Release 18],question 9707,Standards specifications,18,False,False,Option 1,option 1,option 2,1747
Which specifications provide the MCPTT requirements applicable to MC Video? [3GPP Release 14],question 9709,Standards overview,14,True,True,Option 3,option 3,option 3,1748
Is a subscription profile necessary for certain authorized LCS Clients internal to the PLMN? [3GPP Release 17],question 9710,Standards specifications,17,False,False,Option 1,option 1,option 2,1749
What does the CG-CandidateList message in ASN.1 define? [3GPP Release 17],question 9713,Standards specifications,17,True,True,Option 1,option 1,option 1,1750
Which identity is used for semi-persistent CSI reporting on PUSCH? [3GPP Release 17],question 9717,Standards specifications,17,True,True,Option 5,option 5,option 5,1751
What is the maximum value for the ACK missed detection probability for NPUSCH format 2 transmission with 15KHz subcarrier spacing? [3GPP Release 18],question 9719,Standards specifications,18,False,True,Option 2,option 1,option 1,1752
What is the main purpose of the location registration function? [3GPP Release 18],question 9728,Standards specifications,18,False,True,Option 3,option 4,option 4,1753
What type of frequency hopping can improve positioning performance for RedCap UEs in FR2 InF-SH scenario? [3GPP Release 18],question 9738,Standards specifications,18,False,False,Option 3,option 3,option 2,1754
What are the requirements for 5G LAN-type service? [3GPP Release 17],question 9741,Standards specifications,17,True,True,Option 5,option 5,option 5,1755
What requirements are specified as an update to Technical Specification 22.268 for an enhanced Public Warning System? [3GPP Release 16],question 9743,Standards overview,16,True,False,Option 1,option 3,option 1,1756
What are the location requirements added for emergency calls in the Enhancing Location Capabilities for Indoor and Outdoor Emergency Communications work item? [3GPP Release 14],question 9745,Standards specifications,14,True,False,Option 3,option 2,option 3,1757
Which of the following parameters may be included in the 5G VN group data? [3GPP Release 18],question 9751,Standards specifications,18,False,True,Option 3,option 1,option 1,1758
"In a remote interference scenario, how are victim and aggressor gNBs grouped? [3GPP Release 18]",question 9754,Standards specifications,18,True,True,Option 3,option 3,option 3,1759
What happens if the NG-RAN cannot fulfill the User Plane Security Enforcement information with a value of Required? [3GPP Release 18],question 9765,Standards specifications,18,True,True,Option 4,option 4,option 4,1760
When can emergency calls be established without the need to dial a dedicated number? [3GPP Release 18],question 9767,Standards specifications,18,False,True,Option 4,option 5,option 5,1761
What is the meaning of the term 'ITUT'? [3GPP Release 18],question 9769,Standards specifications,18,True,True,Option 2,option 2,option 2,1762
Which penetration loss model is applicable to RMa? [3GPP Release 18],question 9776,Standards specifications,18,False,True,Option 2,option 1,option 1,1763
What does a Multi-USIM UE do when it receives a Voice Service Indication in the NGAP Paging Message from the AMF? [3GPP Release 18],question 9777,Standards specifications,18,False,False,Option 2,option 2,option 4,1764
What is the behavior of a mobile station in state GMM-REGISTERED with substate NORMAL-SERVICE? [3GPP Release 18],question 9780,Standards specifications,18,True,False,Option 3,option 1,option 3,1765
Which relaxation criteria should be treated with higher priority in RRM measurement relaxation? [3GPP Release 16],question 9781,Standards specifications,16,False,False,Option 1,option 1,option 3,1766
"According to the document, how should the behaviour of IMS supplementary services be perceived by the user? [3GPP Release 17]",question 9791,Standards specifications,17,False,False,Option 1,option 3,option 2,1767
Which network function is responsible for holding subscription data and policy data? [3GPP Release 18],question 9796,Standards specifications,18,True,True,Option 5,option 5,option 5,1768
What is the maximum end-to-end latency allowed for voice services at the edge of coverage in the 5G system? [3GPP Release 17],question 9797,Standards specifications,17,False,True,Option 200,option 4,option 4,1769
Can a UICC host applications other than the USIM or ISIM? [3GPP Release 18],question 9804,Standards specifications,18,True,True,Option 5,option 5,option 5,1770
What does an authentication service producer provide? [3GPP Release 17],question 9813,Standards specifications,17,True,True,Option 1,option 1,option 1,1771
What is the purpose of an eRG in a CPN? [3GPP Release 17],question 9823,Standards specifications,17,True,True,Option 1,option 1,option 1,1772
What is required for PRS bandwidth aggregation from RRM perspective? [3GPP Release 18],question 9827,Standards specifications,18,True,True,Option 2,option 2,option 2,1773
"In a shared UTRAN/GERAN network, what is the purpose of the Reroute Complete IE in the Direct Transfer message? [3GPP Release 17]",question 9832,Standards specifications,17,True,True,Option 3,option 3,option 3,1774
Which identity is used for UE identification temporarily used for contention resolution purposes during the random access procedure? [3GPP Release 17],question 9834,Standards specifications,17,False,True,Option 2,option 4,option 4,1775
What does NAS stand for in the context of RRC? [3GPP Release 18],question 9835,Standards specifications,18,True,True,Option 4,option 4,option 4,1776
What does GLR stand for? [3GPP Release 17],question 9836,Standards specifications,17,False,False,Option 3,option 3,option 5,1777
Are the radio technologies disallowed by the HPLMN bound to the USIM? [3GPP Release 18],question 9838,Standards specifications,18,False,True,Option 2,option 1,option 1,1778
"For a PUSCH transmission scheduled by a RAR UL grant, how is the scrambling initialization of the PUSCH determined? [3GPP Release 17]",question 9841,Standards specifications,17,False,True,Option 2,option 1,option 1,1779
What does SPS stand for in the context of uplink and sidelink enhancements? [3GPP Release 14],question 9849,Standards overview,14,True,True,Option 5,option 5,option 5,1780
What happens if the network detects that the called end does not support the requested call mode in a multimedia call? [3GPP Release 18],question 9853,Standards specifications,18,False,True,Option 4,option 1,option 1,1781
What factors can be considered when activating VCC in the 3GPP system? [3GPP Release 18],question 9857,Standards specifications,18,True,True,Option 1,option 1,option 1,1782
What parameters are specified for NR sidelink communication in STCH configuration? [3GPP Release 17],question 9858,Standards specifications,17,True,True,Option 4,option 4,option 4,1783
What is the MUSIM-specific AT command specification? [3GPP Release 17],question 9865,Standards overview,17,False,True,Option 3,option 2,option 2,1784
What types of connections can be used between a remote UE and a relay UE? [3GPP Release 17],question 9868,Standards specifications,17,True,True,Option 3,option 3,option 3,1785
What functionality does Management Based Activation provide? [3GPP Release 17],question 9872,Standards overview,17,False,True,Option 3,option 1,option 1,1786
How can multiple Ethernet devices be connected to a UE? [3GPP Release 17],question 9874,Standards specifications,17,True,True,Option 2,option 2,option 2,1787
What is the minimum user throughput required at the edge of coverage in the 5G system? [3GPP Release 17],question 9880,Standards specifications,17,True,False,Option 3,option 4,option 3,1788
What are the four activity patterns in cyber-physical control applications in automation? [3GPP Release 19],question 9881,Standards specifications,19,True,True,Option 1,option 1,option 1,1789
What prevents the Master RAN Node from setting up Dual Connectivity for a UE? [3GPP Release 18],question 9886,Standards specifications,18,True,True,Option 5,option 5,option 5,1790
When can a UE receive multiple PDCCHs indicating the presence of TRS resource sets? [3GPP Release 17],question 9889,Standards specifications,17,False,False,Option 5,option 4,option 3,1791
How can the transformation from a LCS to a GCS be expressed? [3GPP Release 18],question 9891,Standards specifications,18,True,True,Option 4,option 4,option 4,1792
Which scenario is characterized by high requirements on the communications system regarding communication service availability? [3GPP Release 17],question 9894,Standards specifications,17,False,False,Option 5,option 3,option 4,1793
What is the precoding matrix used for single-layer transmission with four antenna ports and transform precoding disabled? [3GPP Release 17],question 9898,Standards specifications,17,True,True,Option 3,option 3,option 3,1794
What does the NEF (PFDF) distribute to the SMF(s) in the Nnef_PFD_Management_Notify message? [3GPP Release 18],question 9901,Standards specifications,18,True,True,Option 2,option 2,option 2,1795
What is the purpose of the Nadrf_DataManagement_StorageRequest service operation? [3GPP Release 18],question 9925,Standards specifications,18,True,True,Option 1,option 1,option 1,1796
What is the purpose of Fleet and Asset Management services? [3GPP Release 17],question 9926,Standards specifications,17,True,True,Option 3,option 3,option 3,1797
What determines the number of layers (ʋ) for the associated PSSCH transmission in the same slot? [3GPP Release 17],question 9927,Standards specifications,17,True,True,Option 2,option 2,option 2,1798
What is the role of Management Data Analytics (MDA) in timely resource provisioning and deployments? [3GPP Release 17],question 9930,Standards specifications,17,True,True,Option 1,option 1,option 1,1799
What does the Ethernet transport service support in terms of traffic filtering and prioritization? [3GPP Release 17],question 9944,Standards specifications,17,False,False,Option 4,option 4,option 2,1800
"What new methods for controlling management data production, collection, coordination, and discovery were introduced? [3GPP Release 17]",question 9945,Standards overview,17,True,True,Option 4,option 4,option 4,1801
What information does a supporting UE operating in Idle mode provide to the network? [3GPP Release 17],question 9949,Standards specifications,17,True,False,Option 2,option 1,option 2,1802
How is the total power consumption of a multi-carrier BS calculated? [3GPP Release 18],question 9957,Standards specifications,18,True,True,Option 4,option 4,option 4,1803
What criteria may be considered for evaluating the most appropriate communication path (ProSe Communication path or EPC Path)? [3GPP Release 17],question 9962,Standards specifications,17,True,True,Option 5,option 5,option 5,1804
What is the purpose of Analytics/ML Model Accuracy Monitoring? [3GPP Release 18],question 9974,Standards specifications,18,False,False,Option 2,option 2,option 3,1805
Which 3GPP specification provides the security aspect for LTE support of V2X services? [3GPP Release 14],question 9984,Standards overview,14,False,True,Option 1,option 2,option 2,1806
What functions are included in the Online Charging System (OCS)? [3GPP Release 18],question 9986,Standards specifications,18,False,True,Option 5,option 1,option 1,1807
How is the SDT procedure initiated? [3GPP Release 18],question 9992,Standards specifications,18,True,True,Option 1,option 1,option 1,1808
What are the physical-layer cell identities for 5G NR? [3GPP Release 17],question 9999,Standards specifications,17,False,False,Option 2,option 2,option 4,1809
